time,filter,preprocess,model,epoch,test_volunteers,train_volunteers,auc,accuracy,precision,sensitivity,specificity,f1,group,sample,misinformation,missing_group,misinformation_group
2022/10/22 1:24,butterworth0.1,cv20,CNN,100,"[20, 9, 11, 18, 7, 14, 5, 3, 6, 15, 10, 8, 17, 12, 4, 1, 16, 13]","[19, 2]",0.99976,0.99371,0.997,0.88013,0.99986,0.93493,216,31356,0,12,0
2022/10/22 1:50,butterworth0.1,cv20,CNN,100,"[11, 18, 7, 14, 5, 3, 6, 15, 10, 8, 17, 12, 4, 1, 16, 13, 19, 2]","[20, 9]",0.9997,0.99571,0.99065,0.92416,0.99953,0.95625,216,31331,4,9,2
2022/10/22 2:16,butterworth0.1,cv20,CNN,100,"[7, 14, 5, 3, 6, 15, 10, 8, 17, 12, 4, 1, 16, 13, 19, 2, 20, 9]","[11, 18]",0.99921,0.98539,0.99533,0.71544,0.99982,0.83249,216,31301,7,26,2
2022/10/22 2:42,butterworth0.1,cv20,CNN,100,"[5, 3, 6, 15, 10, 8, 17, 12, 4, 1, 16, 13, 19, 2, 20, 9, 11, 18]","[7, 14]",0.99989,0.99639,0.99641,0.93217,0.99982,0.96322,216,31320,0,5,0
2022/10/22 3:08,butterworth0.1,cv20,CNN,100,"[6, 15, 10, 8, 17, 12, 4, 1, 16, 13, 19, 2, 20, 9, 11, 18, 7, 14]","[5, 3]",0.99918,0.988,0.98618,0.78258,0.99939,0.87266,216,31351,1,19,1
2022/10/22 3:34,butterworth0.1,cv20,CNN,100,"[10, 8, 17, 12, 4, 1, 16, 13, 19, 2, 20, 9, 11, 18, 7, 14, 5, 3]","[6, 15]",0.99557,0.98804,0.95345,0.80802,0.99785,0.87473,216,31351,77,13,15
2022/10/22 4:00,butterworth0.1,cv20,CNN,100,"[17, 12, 4, 1, 16, 13, 19, 2, 20, 9, 11, 18, 7, 14, 5, 3, 6, 15]","[10, 8]",0.99833,0.99074,0.91598,0.89865,0.99562,0.90723,216,31349,111,0,20
2022/10/22 4:27,butterworth0.1,cv20,CNN,100,"[4, 1, 16, 13, 19, 2, 20, 9, 11, 18, 7, 14, 5, 3, 6, 15, 10, 8]","[17, 12]",0.99972,0.99445,0.99112,0.89866,0.99957,0.94263,216,31298,0,3,0
2022/10/22 4:53,butterworth0.1,cv20,CNN,100,"[16, 13, 19, 2, 20, 9, 11, 18, 7, 14, 5, 3, 6, 15, 10, 8, 17, 12]","[4, 1]",0.99912,0.98995,0.99756,0.80724,0.99989,0.89236,216,31309,0,16,0
2022/10/22 5:19,butterworth0.1,cv20,CNN,100,"[19, 2, 20, 9, 11, 18, 7, 14, 5, 3, 6, 15, 10, 8, 17, 12, 4, 1]","[16, 13]",0.99914,0.989,0.99491,0.78725,0.99978,0.87898,216,31333,0,15,0
2022/10/21 21:50,butterworth0.2,cv20,CNN,100,"[20, 9, 11, 18, 7, 14, 5, 3, 6, 15, 10, 8, 17, 12, 4, 1, 16, 13]","[19, 2]",0.99938,0.99507,0.97101,0.93179,0.9985,0.951,216,31356,25,9,7
2022/10/21 22:00,butterworth0.2,cv20,CNN,100,"[11, 18, 7, 14, 5, 3, 6, 15, 10, 8, 17, 12, 4, 1, 16, 13, 19, 2]","[20, 9]",0.99951,0.99591,0.98651,0.93221,0.99932,0.95859,216,31331,16,9,5
2022/10/21 22:10,butterworth0.2,cv20,CNN,100,"[7, 14, 5, 3, 6, 15, 10, 8, 17, 12, 4, 1, 16, 13, 19, 2, 20, 9]","[11, 18]",0.99917,0.99316,0.96602,0.89664,0.99831,0.93004,216,31301,51,10,8
2022/10/21 22:21,butterworth0.2,cv20,CNN,100,"[5, 3, 6, 15, 10, 8, 17, 12, 4, 1, 16, 13, 19, 2, 20, 9, 11, 18]","[7, 14]",0.99981,0.99724,0.98087,0.96441,0.999,0.97257,216,31320,2,2,1
2022/10/21 22:31,butterworth0.2,cv20,CNN,100,"[6, 15, 10, 8, 17, 12, 4, 1, 16, 13, 19, 2, 20, 9, 11, 18, 7, 14]","[5, 3]",0.99923,0.99343,0.92269,0.95484,0.99557,0.93849,216,31351,33,2,10
2022/10/21 22:42,butterworth0.2,cv20,CNN,100,"[10, 8, 17, 12, 4, 1, 16, 13, 19, 2, 20, 9, 11, 18, 7, 14, 5, 3]","[6, 15]",0.99873,0.98815,0.82811,0.97239,0.989,0.89447,216,31351,146,0,21
2022/10/21 22:52,butterworth0.2,cv20,CNN,100,"[17, 12, 4, 1, 16, 13, 19, 2, 20, 9, 11, 18, 7, 14, 5, 3, 6, 15]","[10, 8]",0.996,0.98883,0.89615,0.88041,0.99458,0.88821,216,31349,157,7,27
2022/10/21 23:03,butterworth0.2,cv20,CNN,100,"[4, 1, 16, 13, 19, 2, 20, 9, 11, 18, 7, 14, 5, 3, 6, 15, 10, 8]","[17, 12]",0.99911,0.99472,0.91797,0.98389,0.9953,0.94979,216,31298,65,0,13
2022/10/21 23:14,butterworth0.2,cv20,CNN,100,"[16, 13, 19, 2, 20, 9, 11, 18, 7, 14, 5, 3, 6, 15, 10, 8, 17, 12]","[4, 1]",0.99957,0.99171,0.99153,0.84671,0.99961,0.91341,216,31309,0,12,0
2022/10/21 23:25,butterworth0.2,cv20,CNN,100,"[19, 2, 20, 9, 11, 18, 7, 14, 5, 3, 6, 15, 10, 8, 17, 12, 4, 1]","[16, 13]",0.99984,0.99728,0.97571,0.97047,0.99871,0.97308,216,31333,24,3,6
2022/10/21 22:06,butterworth0.3,cv20,CNN,100,"[20, 9, 11, 18, 7, 14, 5, 3, 6, 15, 10, 8, 17, 12, 4, 1, 16, 13]","[19, 2]",0.99928,0.99049,0.85264,0.98477,0.9908,0.91395,216,31356,182,0,31
2022/10/21 22:16,butterworth0.3,cv20,CNN,100,"[11, 18, 7, 14, 5, 3, 6, 15, 10, 8, 17, 12, 4, 1, 16, 13, 19, 2]","[20, 9]",0.99855,0.9954,0.94661,0.96376,0.99709,0.9551,216,31331,60,6,15
2022/10/21 22:27,butterworth0.3,cv20,CNN,100,"[7, 14, 5, 3, 6, 15, 10, 8, 17, 12, 4, 1, 16, 13, 19, 2, 20, 9]","[11, 18]",0.99534,0.98941,0.85619,0.95101,0.99146,0.90111,216,31301,151,0,27
2022/10/21 22:38,butterworth0.3,cv20,CNN,100,"[5, 3, 6, 15, 10, 8, 17, 12, 4, 1, 16, 13, 19, 2, 20, 9, 11, 18]","[7, 14]",0.99979,0.99622,0.94167,0.98657,0.99674,0.96359,216,31320,30,0,11
2022/10/21 22:48,butterworth0.3,cv20,CNN,100,"[6, 15, 10, 8, 17, 12, 4, 1, 16, 13, 19, 2, 20, 9, 11, 18, 7, 14]","[5, 3]",0.99851,0.99282,0.91812,0.94774,0.99531,0.9327,216,31351,87,6,15
2022/10/21 22:59,butterworth0.3,cv20,CNN,100,"[10, 8, 17, 12, 4, 1, 16, 13, 19, 2, 20, 9, 11, 18, 7, 14, 5, 3]","[6, 15]",0.99814,0.96994,0.63339,0.99277,0.9687,0.77337,216,31351,656,0,53
2022/10/21 23:09,butterworth0.3,cv20,CNN,100,"[17, 12, 4, 1, 16, 13, 19, 2, 20, 9, 11, 18, 7, 14, 5, 3, 6, 15]","[10, 8]",0.99781,0.97354,0.65755,0.99122,0.9726,0.79062,216,31349,694,0,57
2022/10/21 23:20,butterworth0.3,cv20,CNN,100,"[4, 1, 16, 13, 19, 2, 20, 9, 11, 18, 7, 14, 5, 3, 6, 15, 10, 8]","[17, 12]",0.99883,0.99271,0.88387,0.98591,0.99308,0.93211,216,31298,95,0,27
2022/10/21 23:30,butterworth0.3,cv20,CNN,100,"[16, 13, 19, 2, 20, 9, 11, 18, 7, 14, 5, 3, 6, 15, 10, 8, 17, 12]","[4, 1]",0.99964,0.99555,0.98805,0.925,0.99939,0.95549,216,31309,0,7,0
2022/10/21 23:38,butterworth0.3,cv20,CNN,100,"[19, 2, 20, 9, 11, 18, 7, 14, 5, 3, 6, 15, 10, 8, 17, 12, 4, 1]","[16, 13]",0.99917,0.99506,0.93081,0.97517,0.99613,0.95247,216,31333,97,0,17
2022/10/22 19:45,butterworth0.2,cv20,CNN,100,"[6, 15, 10, 8, 17, 12, 4, 1, 16, 13]","[19, 2, 20, 9, 11, 18, 7, 14, 5, 3]",0.99882,0.99963,1.0,0.99293,1.0,0.99645,120,17415,0,0,0
2022/10/22 21:26,butterworth0.2,cv20,CNN,100,"[19, 2, 20, 9, 11, 18, 7, 14, 5, 3]","[6, 15, 10, 8, 17, 12, 4, 1, 16, 13]",0.99997,0.99847,1.0,0.96955,1.0,0.98454,120,17396,0,2,0
2022/10/28 13:13,butterworth0.3,cv20,CNN,100,"[6, 15, 10, 8, 17, 12, 4, 1, 16, 13]","[19, 2, 20, 9, 11, 18, 7, 14, 5, 3]",0.99882,0.99872,1.0,0.97527,1.0,0.98748,120,17415,0,0,0
2022/10/28 14:56,butterworth0.3,cv20,CNN,100,"[19, 2, 20, 9, 11, 18, 7, 14, 5, 3]","[6, 15, 10, 8, 17, 12, 4, 1, 16, 13]",0.99994,0.99951,0.99634,0.99391,0.99981,0.99512,120,17396,3,0,1
2022/10/28 7:37,butterworth0.2,pca_stft,resnet50,50,"[6, 15, 10, 8, 17, 12, 4, 1, 16, 13]","[19, 2, 20, 9, 11, 18, 7, 14, 5, 3]",0.99726,0.99469,0.94406,0.95406,0.99691,0.94903,120,17415,54,0,15
2022/10/28 12:03,butterworth0.2,pca_stft,resnet50,50,"[19, 2, 20, 9, 11, 18, 7, 14, 5, 3]","[6, 15, 10, 8, 17, 12, 4, 1, 16, 13]",0.99834,0.99423,0.92714,0.96102,0.99599,0.94378,120,17396,52,2,10
2022/10/28 14:14,butterworth0.2,pca_stft,resnet50,50,"[20, 9, 11, 18, 7, 14, 5, 3, 6, 15, 10, 8, 17, 12, 4, 1, 16, 13]","[19, 2]",0.96909,0.96137,0.58481,0.85166,0.9673,0.69345,216,31356,796,3,91
2022/10/28 16:26,butterworth0.2,pca_stft,resnet50,50,"[11, 18, 7, 14, 5, 3, 6, 15, 10, 8, 17, 12, 4, 1, 16, 13, 19, 2]","[20, 9]",0.99037,0.97821,0.74148,0.87584,0.98368,0.80308,216,31331,465,1,37
2022/10/28 18:32,butterworth0.2,pca_stft,resnet50,50,"[7, 14, 5, 3, 6, 15, 10, 8, 17, 12, 4, 1, 16, 13, 19, 2, 20, 9]","[11, 18]",0.98901,0.97269,0.66586,0.92685,0.97514,0.77497,216,31301,706,1,66
2022/10/28 20:34,butterworth0.2,pca_stft,resnet50,50,"[5, 3, 6, 15, 10, 8, 17, 12, 4, 1, 16, 13, 19, 2, 20, 9, 11, 18]","[7, 14]",0.98585,0.96643,0.60902,0.94359,0.96765,0.74025,216,31320,949,1,89
2022/10/28 22:39,butterworth0.2,pca_stft,resnet50,50,"[6, 15, 10, 8, 17, 12, 4, 1, 16, 13, 19, 2, 20, 9, 11, 18, 7, 14]","[5, 3]",0.98635,0.98163,0.90256,0.72903,0.99564,0.80657,216,31351,83,4,23
2022/10/29 0:49,butterworth0.2,pca_stft,resnet50,50,"[10, 8, 17, 12, 4, 1, 16, 13, 19, 2, 20, 9, 11, 18, 7, 14, 5, 3]","[6, 15]",0.9921,0.98159,0.77059,0.9165,0.98514,0.83724,216,31351,358,1,70
2022/10/29 2:54,butterworth0.2,pca_stft,resnet50,50,"[17, 12, 4, 1, 16, 13, 19, 2, 20, 9, 11, 18, 7, 14, 5, 3, 6, 15]","[10, 8]",0.99155,0.97425,0.67676,0.93649,0.97626,0.78571,216,31349,639,1,50
2022/10/29 5:06,butterworth0.2,pca_stft,resnet50,50,"[4, 1, 16, 13, 19, 2, 20, 9, 11, 18, 7, 14, 5, 3, 6, 15, 10, 8]","[17, 12]",0.98646,0.97552,0.71334,0.8651,0.98142,0.78192,216,31298,498,4,54
2022/10/29 7:17,butterworth0.2,pca_stft,resnet50,50,"[16, 13, 19, 2, 20, 9, 11, 18, 7, 14, 5, 3, 6, 15, 10, 8, 17, 12]","[4, 1]",0.99077,0.98461,0.91453,0.77434,0.99606,0.83862,216,31309,99,6,28
2022/10/29 9:32,butterworth0.2,pca_stft,resnet50,50,"[19, 2, 20, 9, 11, 18, 7, 14, 5, 3, 6, 15, 10, 8, 17, 12, 4, 1]","[16, 13]",0.99338,0.97487,0.68094,0.94966,0.97622,0.79316,216,31333,583,0,56
2022-10-29 18:23:50,butterworth0.1,pca_stft,resnet50,50,"[20, 9, 11, 18, 7, 14, 5, 3, 6, 15, 10, 8, 17, 12, 4, 1, 16, 13]","[19, 2]",0.98099,0.97401,0.70456,0.84967,0.98073,0.77034,216,31356,503,7,54
2022-10-29 20:28:36,butterworth0.1,pca_stft,resnet50,50,"[11, 18, 7, 14, 5, 3, 6, 15, 10, 8, 17, 12, 4, 1, 16, 13, 19, 2]","[20, 9]",0.98695,0.97848,0.78187,0.79866,0.98809,0.79017,216,31331,308,2,44
2022-10-29 22:34:44,butterworth0.1,pca_stft,resnet50,50,"[7, 14, 5, 3, 6, 15, 10, 8, 17, 12, 4, 1, 16, 13, 19, 2, 20, 9]","[11, 18]",0.98471,0.96493,0.60417,0.8953,0.96865,0.72147,216,31301,890,2,89
2022-10-30 00:51:40,butterworth0.1,pca_stft,resnet50,50,"[5, 3, 6, 15, 10, 8, 17, 12, 4, 1, 16, 13, 19, 2, 20, 9, 11, 18]","[7, 14]",0.98814,0.96306,0.58473,0.9362,0.96449,0.71986,216,31320,982,0,89
2022-10-30 02:52:48,butterworth0.1,pca_stft,resnet50,50,"[6, 15, 10, 8, 17, 12, 4, 1, 16, 13, 19, 2, 20, 9, 11, 18, 7, 14]","[5, 3]",0.97788,0.97838,0.89515,0.66645,0.99567,0.76405,216,31351,92,9,37
2022-10-30 04:55:41,butterworth0.1,pca_stft,resnet50,50,"[10, 8, 17, 12, 4, 1, 16, 13, 19, 2, 20, 9, 11, 18, 7, 14, 5, 3]","[6, 15]",0.9736,0.97368,0.88613,0.56279,0.99606,0.68838,216,31351,117,21,46
2022-10-30 07:01:46,butterworth0.1,pca_stft,resnet50,50,"[17, 12, 4, 1, 16, 13, 19, 2, 20, 9, 11, 18, 7, 14, 5, 3, 6, 15]","[10, 8]",0.98688,0.98055,0.80565,0.80946,0.98963,0.80755,216,31349,274,4,41
2022-10-30 09:03:50,butterworth0.1,pca_stft,resnet50,50,"[4, 1, 16, 13, 19, 2, 20, 9, 11, 18, 7, 14, 5, 3, 6, 15, 10, 8]","[17, 12]",0.98749,0.98059,0.79487,0.83221,0.98852,0.81311,216,31298,260,4,43
2022-10-30 11:08:02,butterworth0.1,pca_stft,resnet50,50,"[16, 13, 19, 2, 20, 9, 11, 18, 7, 14, 5, 3, 6, 15, 10, 8, 17, 12]","[4, 1]",0.98682,0.9837,0.88576,0.78553,0.99448,0.83264,216,31309,130,7,45
2022-10-30 13:23:29,butterworth0.1,pca_stft,resnet50,50,"[19, 2, 20, 9, 11, 18, 7, 14, 5, 3, 6, 15, 10, 8, 17, 12, 4, 1]","[16, 13]",0.99371,0.98281,0.80233,0.87718,0.98845,0.83809,216,31333,285,1,48
2022-10-30 20:37:35,butterworth0.2,pca_stft,resnet50,50,"[6, 15, 10, 8, 17, 12, 4, 1, 16, 13]","[19, 2, 20, 9, 11, 18, 7, 14, 5, 3]",0.99864,0.99145,0.87593,0.97291,0.99246,0.92188,120,17415,111,0,31
2022-10-31 01:06:55,butterworth0.2,pca_stft,resnet50,50,"[19, 2, 20, 9, 11, 18, 7, 14, 5, 3]","[6, 15, 10, 8, 17, 12, 4, 1, 16, 13]",0.99899,0.99546,0.94517,0.9659,0.99703,0.95542,120,17396,34,3,12
2022-10-31 03:32:33,butterworth0.3,pca_stft,resnet50,50,"[20, 9, 11, 18, 7, 14, 5, 3, 6, 15, 10, 8, 17, 12, 4, 1, 16, 13]","[19, 2]",0.98441,0.97322,0.6894,0.8702,0.9788,0.76932,216,31356,612,4,60
2022-10-31 04:33:17,butterworth0.3,pca_stft,resnet50,50,"[11, 18, 7, 14, 5, 3, 6, 15, 10, 8, 17, 12, 4, 1, 16, 13, 19, 2]","[20, 9]",0.99267,0.9811,0.759,0.91946,0.9844,0.83156,216,31331,416,1,34
2022-10-31 05:33:12,butterworth0.3,pca_stft,resnet50,50,"[7, 14, 5, 3, 6, 15, 10, 8, 17, 12, 4, 1, 16, 13, 19, 2, 20, 9]","[11, 18]",0.98625,0.92969,0.41811,0.98523,0.92672,0.58708,216,31301,2014,1,128
2022-10-31 06:33:46,butterworth0.3,pca_stft,resnet50,50,"[5, 3, 6, 15, 10, 8, 17, 12, 4, 1, 16, 13, 19, 2, 20, 9, 11, 18]","[7, 14]",0.98866,0.96786,0.6171,0.96441,0.96804,0.75262,216,31320,902,3,69
2022-10-31 07:32:21,butterworth0.3,pca_stft,resnet50,50,"[6, 15, 10, 8, 17, 12, 4, 1, 16, 13, 19, 2, 20, 9, 11, 18, 7, 14]","[5, 3]",0.98983,0.98245,0.80282,0.88258,0.98798,0.84081,216,31351,215,4,49
2022-10-31 08:31:00,butterworth0.3,pca_stft,resnet50,50,"[10, 8, 17, 12, 4, 1, 16, 13, 19, 2, 20, 9, 11, 18, 7, 14, 5, 3]","[6, 15]",0.99419,0.98607,0.81261,0.94938,0.98807,0.87568,216,31351,288,0,52
2022-10-31 09:31:17,butterworth0.3,pca_stft,resnet50,50,"[17, 12, 4, 1, 16, 13, 19, 2, 20, 9, 11, 18, 7, 14, 5, 3, 6, 15]","[10, 8]",0.994,0.97899,0.71804,0.96014,0.97999,0.82162,216,31349,575,0,41
2022-10-31 10:31:21,butterworth0.3,pca_stft,resnet50,50,"[4, 1, 16, 13, 19, 2, 20, 9, 11, 18, 7, 14, 5, 3, 6, 15, 10, 8]","[17, 12]",0.99193,0.98498,0.81846,0.9047,0.98928,0.85942,216,31298,298,1,35
2022-10-31 11:30:38,butterworth0.3,pca_stft,resnet50,50,"[16, 13, 19, 2, 20, 9, 11, 18, 7, 14, 5, 3, 6, 15, 10, 8, 17, 12]","[4, 1]",0.988,0.98115,0.93984,0.67829,0.99764,0.78793,216,31309,63,10,13
2022-10-31 12:30:59,butterworth0.3,pca_stft,resnet50,50,"[19, 2, 20, 9, 11, 18, 7, 14, 5, 3, 6, 15, 10, 8, 17, 12, 4, 1]","[16, 13]",0.99103,0.95638,0.53824,0.98725,0.95473,0.69666,216,31333,1284,0,79
2022-10-31 23:51:58,butterworth0.3,pca_stft,resnet50,50,"[6, 15, 10, 8, 17, 12, 4, 1, 16, 13]","[19, 2, 20, 9, 11, 18, 7, 14, 5, 3]",0.99621,0.98693,0.80736,0.98233,0.98718,0.88629,120,17415,192,0,35
2022-11-01 17:55:15,butterworth0.3,pca_stft,resnet50,50,"[19, 2, 20, 9, 11, 18, 7, 14, 5, 3]","[6, 15, 10, 8, 17, 12, 4, 1, 16, 13]",0.99939,0.99436,0.91562,0.97808,0.99522,0.94582,120,17396,59,1,16
2022-11-02 00:33:54,butterworth0.1,pca_stft,resnet50,50,"[6, 15, 10, 8, 17, 12, 4, 1, 16, 13]","[19, 2, 20, 9, 11, 18, 7, 14, 5, 3]",0.9978,0.99267,0.91094,0.95171,0.99491,0.93088,120,17415,82,1,31
2022-11-02 04:59:19,butterworth0.1,pca_stft,resnet50,50,"[19, 2, 20, 9, 11, 18, 7, 14, 5, 3]","[6, 15, 10, 8, 17, 12, 4, 1, 16, 13]",0.99909,0.99448,0.94303,0.94762,0.99696,0.94532,120,17396,33,1,17
2022-11-03 14:48:26,butterworth0.1,cv20,CNN,100,"[19, 2]","[20, 9, 11, 18, 7, 14, 5, 3, 6, 15, 10, 8, 17, 12, 4, 1, 16, 13]",0.99999,0.99537,1.0,0.90625,1.0,0.95082,24,3455,0,0,0
2022-11-03 15:47:43,butterworth0.1,cv20,CNN,100,"[20, 9]","[11, 18, 7, 14, 5, 3, 6, 15, 10, 8, 17, 12, 4, 1, 16, 13, 19, 2]",1.0,0.99879,1.0,0.97778,1.0,0.98876,24,3480,0,0,0
2022-11-03 16:45:48,butterworth0.1,cv20,CNN,100,"[11, 18]","[7, 14, 5, 3, 6, 15, 10, 8, 17, 12, 4, 1, 16, 13, 19, 2, 20, 9]",1.0,0.99818,1.0,0.96667,1.0,0.98305,24,3510,0,0,0
2022-11-03 17:46:24,butterworth0.1,cv20,CNN,100,"[7, 14]","[5, 3, 6, 15, 10, 8, 17, 12, 4, 1, 16, 13, 19, 2, 20, 9, 11, 18]",1.0,0.99939,1.0,0.98895,1.0,0.99444,24,3491,0,1,0
2022-11-03 18:43:36,butterworth0.1,cv20,CNN,100,"[5, 3]","[6, 15, 10, 8, 17, 12, 4, 1, 16, 13, 19, 2, 20, 9, 11, 18, 7, 14]",1.0,0.99778,1.0,0.94167,1.0,0.96996,24,3460,0,0,0
2022-11-03 19:43:42,butterworth0.1,cv20,CNN,100,"[6, 15]","[10, 8, 17, 12, 4, 1, 16, 13, 19, 2, 20, 9, 11, 18, 7, 14, 5, 3]",1.0,0.99876,1.0,0.97315,1.0,0.98639,24,3460,0,0,0
2022-11-03 20:40:07,butterworth0.1,cv20,CNN,100,"[10, 8]","[17, 12, 4, 1, 16, 13, 19, 2, 20, 9, 11, 18, 7, 14, 5, 3, 6, 15]",0.99996,0.99637,1.0,0.93684,1.0,0.96739,24,3462,0,4,0
2022-11-03 21:39:14,butterworth0.1,cv20,CNN,100,"[17, 12]","[4, 1, 16, 13, 19, 2, 20, 9, 11, 18, 7, 14, 5, 3, 6, 15, 10, 8]",1.0,1.0,1.0,1.0,1.0,1.0,24,3513,0,0,0
2022-11-03 22:38:20,butterworth0.1,cv20,CNN,100,"[4, 1]","[16, 13, 19, 2, 20, 9, 11, 18, 7, 14, 5, 3, 6, 15, 10, 8, 17, 12]",1.0,0.99969,0.99338,1.0,0.99968,0.99668,24,3502,1,0,1
2022-11-03 23:37:28,butterworth0.1,cv20,CNN,100,"[16, 13]","[19, 2, 20, 9, 11, 18, 7, 14, 5, 3, 6, 15, 10, 8, 17, 12, 4, 1]",0.99444,0.99818,1.0,0.96667,1.0,0.98305,24,3478,0,0,0
2022-11-06 01:00:34,butterworth0.2,cv20,CNN,100,"[19, 2]","[20, 9, 11, 18, 7, 14, 5, 3, 6, 15, 10, 8, 17, 12, 4, 1, 16, 13]",0.99995,0.99846,0.9697,1.0,0.99838,0.98462,24,3455,0,0,0
2022-11-06 02:00:13,butterworth0.2,cv20,CNN,100,"[20, 9]","[11, 18, 7, 14, 5, 3, 6, 15, 10, 8, 17, 12, 4, 1, 16, 13, 19, 2]",1.0,1.0,1.0,1.0,1.0,1.0,24,3480,0,0,0
2022-11-06 02:59:45,butterworth0.2,cv20,CNN,100,"[11, 18]","[7, 14, 5, 3, 6, 15, 10, 8, 17, 12, 4, 1, 16, 13, 19, 2, 20, 9]",1.0,0.99879,1.0,0.97778,1.0,0.98876,24,3510,0,0,0
2022-11-06 03:58:50,butterworth0.2,cv20,CNN,100,"[7, 14]","[5, 3, 6, 15, 10, 8, 17, 12, 4, 1, 16, 13, 19, 2, 20, 9, 11, 18]",1.0,1.0,1.0,1.0,1.0,1.0,24,3491,0,0,0
2022-11-06 05:00:03,butterworth0.2,cv20,CNN,100,"[5, 3]","[6, 15, 10, 8, 17, 12, 4, 1, 16, 13, 19, 2, 20, 9, 11, 18, 7, 14]",1.0,0.99873,1.0,0.96667,1.0,0.98305,24,3460,0,0,0
2022-11-06 05:59:57,butterworth0.2,cv20,CNN,100,"[6, 15]","[10, 8, 17, 12, 4, 1, 16, 13, 19, 2, 20, 9, 11, 18, 7, 14, 5, 3]",1.0,0.99938,1.0,0.98658,1.0,0.99324,24,3460,0,0,0
2022-11-06 07:00:01,butterworth0.2,cv20,CNN,100,"[10, 8]","[17, 12, 4, 1, 16, 13, 19, 2, 20, 9, 11, 18, 7, 14, 5, 3, 6, 15]",1.0,0.9997,1.0,0.99474,1.0,0.99736,24,3462,0,0,0
2022-11-06 08:00:48,butterworth0.2,cv20,CNN,100,"[17, 12]","[4, 1, 16, 13, 19, 2, 20, 9, 11, 18, 7, 14, 5, 3, 6, 15, 10, 8]",1.0,1.0,1.0,1.0,1.0,1.0,24,3513,0,0,0
2022-11-06 09:01:09,butterworth0.2,cv20,CNN,100,"[4, 1]","[16, 13, 19, 2, 20, 9, 11, 18, 7, 14, 5, 3, 6, 15, 10, 8, 17, 12]",1.0,0.99876,1.0,0.97333,1.0,0.98649,24,3502,0,0,0
2022-11-06 10:02:28,butterworth0.2,cv20,CNN,100,"[16, 13]","[19, 2, 20, 9, 11, 18, 7, 14, 5, 3, 6, 15, 10, 8, 17, 12, 4, 1]",0.99454,0.99909,1.0,0.98333,1.0,0.9916,24,3478,0,0,0
2022-11-06 16:48:07,butterworth0.3,cv20,CNN,100,"[19, 2]","[20, 9, 11, 18, 7, 14, 5, 3, 6, 15, 10, 8, 17, 12, 4, 1, 16, 13]",0.99997,0.99877,0.99367,0.98125,0.99968,0.98742,24,3455,0,0,0
2022-11-06 17:49:19,butterworth0.3,cv20,CNN,100,"[20, 9]","[11, 18, 7, 14, 5, 3, 6, 15, 10, 8, 17, 12, 4, 1, 16, 13, 19, 2]",1.0,0.9997,1.0,0.99444,1.0,0.99721,24,3480,0,0,0
2022-11-06 18:49:26,butterworth0.3,cv20,CNN,100,"[11, 18]","[7, 14, 5, 3, 6, 15, 10, 8, 17, 12, 4, 1, 16, 13, 19, 2, 20, 9]",1.0,1.0,1.0,1.0,1.0,1.0,24,3510,0,0,0
2022-11-06 19:50:44,butterworth0.3,cv20,CNN,100,"[7, 14]","[5, 3, 6, 15, 10, 8, 17, 12, 4, 1, 16, 13, 19, 2, 20, 9, 11, 18]",1.0,1.0,1.0,1.0,1.0,1.0,24,3491,0,0,0
2022-11-06 20:50:03,butterworth0.3,cv20,CNN,100,"[5, 3]","[6, 15, 10, 8, 17, 12, 4, 1, 16, 13, 19, 2, 20, 9, 11, 18, 7, 14]",0.99998,0.99905,1.0,0.975,1.0,0.98734,24,3460,0,0,0
2022-11-06 21:48:53,butterworth0.3,cv20,CNN,100,"[6, 15]","[10, 8, 17, 12, 4, 1, 16, 13, 19, 2, 20, 9, 11, 18, 7, 14, 5, 3]",1.0,0.99876,1.0,0.97315,1.0,0.98639,24,3460,0,0,0
2022-11-06 22:48:48,butterworth0.3,cv20,CNN,100,"[10, 8]","[17, 12, 4, 1, 16, 13, 19, 2, 20, 9, 11, 18, 7, 14, 5, 3, 6, 15]",1.0,0.99789,1.0,0.96316,1.0,0.98123,24,3462,0,1,0
2022-11-06 23:49:01,butterworth0.3,cv20,CNN,100,"[17, 12]","[4, 1, 16, 13, 19, 2, 20, 9, 11, 18, 7, 14, 5, 3, 6, 15, 10, 8]",1.0,0.9997,1.0,0.99444,1.0,0.99721,24,3513,0,0,0
2022-11-07 00:48:45,butterworth0.3,cv20,CNN,100,"[4, 1]","[16, 13, 19, 2, 20, 9, 11, 18, 7, 14, 5, 3, 6, 15, 10, 8, 17, 12]",1.0,1.0,1.0,1.0,1.0,1.0,24,3502,0,0,0
2022-11-07 01:48:20,butterworth0.3,cv20,CNN,100,"[16, 13]","[19, 2, 20, 9, 11, 18, 7, 14, 5, 3, 6, 15, 10, 8, 17, 12, 4, 1]",0.99448,0.9997,1.0,0.99444,1.0,0.99721,24,3478,0,0,0
2022-11-08 03:15:49,none,cv20,CNN,100,"[19, 2]","[20, 9, 11, 18, 7, 14, 5, 3, 6, 15, 10, 8, 17, 12, 4, 1, 16, 13]",1.0,1.0,1.0,1.0,1.0,1.0,24,3455,0,0,0
2022-11-08 04:16:23,none,cv20,CNN,100,"[20, 9]","[11, 18, 7, 14, 5, 3, 6, 15, 10, 8, 17, 12, 4, 1, 16, 13, 19, 2]",1.0,1.0,1.0,1.0,1.0,1.0,24,3480,0,0,0
2022-11-08 05:16:03,none,cv20,CNN,100,"[11, 18]","[7, 14, 5, 3, 6, 15, 10, 8, 17, 12, 4, 1, 16, 13, 19, 2, 20, 9]",0.99957,0.99424,0.91282,0.98889,0.99455,0.94933,24,3510,22,0,1
2022-11-08 06:18:15,none,cv20,CNN,100,"[7, 14]","[5, 3, 6, 15, 10, 8, 17, 12, 4, 1, 16, 13, 19, 2, 20, 9, 11, 18]",1.0,0.9997,1.0,0.99448,1.0,0.99723,24,3491,0,0,0
2022-11-08 07:18:15,none,cv20,CNN,100,"[5, 3]","[6, 15, 10, 8, 17, 12, 4, 1, 16, 13, 19, 2, 20, 9, 11, 18, 7, 14]",0.99858,0.99968,1.0,0.99167,1.0,0.99582,24,3460,0,0,0
2022-11-08 08:19:36,none,cv20,CNN,100,"[6, 15]","[10, 8, 17, 12, 4, 1, 16, 13, 19, 2, 20, 9, 11, 18, 7, 14, 5, 3]",1.0,1.0,1.0,1.0,1.0,1.0,24,3460,0,0,0
2022-11-08 09:19:33,none,cv20,CNN,100,"[10, 8]","[17, 12, 4, 1, 16, 13, 19, 2, 20, 9, 11, 18, 7, 14, 5, 3, 6, 15]",1.0,1.0,1.0,1.0,1.0,1.0,24,3462,0,0,0
2022-11-08 10:18:19,none,cv20,CNN,100,"[17, 12]","[4, 1, 16, 13, 19, 2, 20, 9, 11, 18, 7, 14, 5, 3, 6, 15, 10, 8]",1.0,0.9997,1.0,0.99444,1.0,0.99721,24,3513,0,0,0
2022-11-08 11:17:13,none,cv20,CNN,100,"[4, 1]","[16, 13, 19, 2, 20, 9, 11, 18, 7, 14, 5, 3, 6, 15, 10, 8, 17, 12]",1.0,0.99938,0.98684,1.0,0.99935,0.99338,24,3502,1,0,1
2022-11-08 12:16:29,none,cv20,CNN,100,"[16, 13]","[19, 2, 20, 9, 11, 18, 7, 14, 5, 3, 6, 15, 10, 8, 17, 12, 4, 1]",0.99995,0.99909,0.99441,0.98889,0.99968,0.99164,24,3478,1,0,1
2022-11-08 13:14:09,none,cv20,CNN,100,"[19, 2, 20, 9, 11, 18, 7, 14, 5, 3]","[6, 15, 10, 8, 17, 12, 4, 1, 16, 13]",0.99998,0.99871,0.97733,0.99756,0.99877,0.98734,120,17396,20,0,1
2022-11-08 13:49:53,none,cv20,CNN,100,"[6, 15, 10, 8, 17, 12, 4, 1, 16, 13]","[19, 2, 20, 9, 11, 18, 7, 14, 5, 3]",0.99998,0.99908,0.99059,0.99176,0.99948,0.99117,120,17415,8,0,2
2022-11-08 20:11:08,none,cv20,CNN,100,"[20, 9, 11, 18, 7, 14, 5, 3, 6, 15, 10, 8, 17, 12, 4, 1, 16, 13]","[19, 2]",0.99887,0.98699,0.80443,0.98609,0.98703,0.88605,216,31356,262,0,38
2022-11-08 20:19:29,none,cv20,CNN,100,"[11, 18, 7, 14, 5, 3, 6, 15, 10, 8, 17, 12, 4, 1, 16, 13, 19, 2]","[20, 9]",0.99612,0.98533,0.78391,0.98121,0.98555,0.87154,216,31331,386,2,49
2022-11-08 20:27:42,none,cv20,CNN,100,"[7, 14, 5, 3, 6, 15, 10, 8, 17, 12, 4, 1, 16, 13, 19, 2, 20, 9]","[11, 18]",0.99917,0.98754,0.80845,0.98859,0.98748,0.88949,216,31301,289,0,32
2022-11-08 20:35:50,none,cv20,CNN,100,"[5, 3, 6, 15, 10, 8, 17, 12, 4, 1, 16, 13, 19, 2, 20, 9, 11, 18]","[7, 14]",0.99949,0.99139,0.86098,0.98993,0.99146,0.92096,216,31320,112,0,33
2022-11-08 20:43:38,none,cv20,CNN,100,"[6, 15, 10, 8, 17, 12, 4, 1, 16, 13, 19, 2, 20, 9, 11, 18, 7, 14]","[5, 3]",0.99151,0.96832,0.63249,0.9471,0.96949,0.75846,216,31351,859,2,72
2022-11-08 20:51:48,none,cv20,CNN,100,"[10, 8, 17, 12, 4, 1, 16, 13, 19, 2, 20, 9, 11, 18, 7, 14, 5, 3]","[6, 15]",0.9955,0.9589,0.558,0.98356,0.95756,0.71204,216,31351,1052,0,80
2022-11-08 21:00:00,none,cv20,CNN,100,"[17, 12, 4, 1, 16, 13, 19, 2, 20, 9, 11, 18, 7, 14, 5, 3, 6, 15]","[10, 8]",0.99381,0.98093,0.74599,0.94257,0.98296,0.83284,216,31349,507,1,54
2022-11-08 21:08:27,none,cv20,CNN,100,"[4, 1, 16, 13, 19, 2, 20, 9, 11, 18, 7, 14, 5, 3, 6, 15, 10, 8]","[17, 12]",0.99522,0.98979,0.84274,0.98188,0.99021,0.90701,216,31298,134,1,31
2022-11-08 21:16:45,none,cv20,CNN,100,"[16, 13, 19, 2, 20, 9, 11, 18, 7, 14, 5, 3, 6, 15, 10, 8, 17, 12]","[4, 1]",0.99774,0.99654,0.97648,0.95592,0.99875,0.96609,216,31309,18,0,8
2022-11-08 21:25:07,none,cv20,CNN,100,"[19, 2, 20, 9, 11, 18, 7, 14, 5, 3, 6, 15, 10, 8, 17, 12, 4, 1]","[16, 13]",0.99897,0.99299,0.89051,0.98255,0.99354,0.93427,216,31333,120,0,23
2022-11-09 05:01:38,butterworth0.1,pca_stft,resnet50,50,"[19, 2]","[20, 9, 11, 18, 7, 14, 5, 3, 6, 15, 10, 8, 17, 12, 4, 1, 16, 13]",0.99962,0.9929,0.87845,0.99375,0.99286,0.93255,24,3455,14,0,4
2022-11-09 11:54:31,butterworth0.1,pca_stft,resnet50,50,"[20, 9]","[11, 18, 7, 14, 5, 3, 6, 15, 10, 8, 17, 12, 4, 1, 16, 13, 19, 2]",0.99971,0.99758,0.97253,0.98333,0.9984,0.9779,24,3480,0,0,0
2022-11-09 18:42:13,butterworth0.1,pca_stft,resnet50,50,"[11, 18]","[7, 14, 5, 3, 6, 15, 10, 8, 17, 12, 4, 1, 16, 13, 19, 2, 20, 9]",0.99903,0.99455,0.91753,0.98889,0.99487,0.95187,24,3510,12,0,4
2022-11-10 01:30:43,butterworth0.1,pca_stft,resnet50,50,"[7, 14]","[5, 3, 6, 15, 10, 8, 17, 12, 4, 1, 16, 13, 19, 2, 20, 9, 11, 18]",0.99993,0.99758,0.98324,0.97238,0.99904,0.97778,24,3491,3,0,1
2022-11-10 18:29:19,butterworth0.1,pca_stft,resnet50,50,"[5, 3]","[6, 15, 10, 8, 17, 12, 4, 1, 16, 13, 19, 2, 20, 9, 11, 18, 7, 14]",0.99856,0.99462,0.92562,0.93333,0.99704,0.92946,24,3460,11,0,3
2022-11-11 01:12:43,butterworth0.1,pca_stft,resnet50,50,"[6, 15]","[10, 8, 17, 12, 4, 1, 16, 13, 19, 2, 20, 9, 11, 18, 7, 14, 5, 3]",0.99992,0.99876,0.98013,0.99329,0.99903,0.98667,24,3460,3,1,3
2022-11-11 08:06:46,butterworth0.1,pca_stft,resnet50,50,"[10, 8]","[17, 12, 4, 1, 16, 13, 19, 2, 20, 9, 11, 18, 7, 14, 5, 3, 6, 15]",0.99935,0.99607,0.99441,0.93684,0.99968,0.96477,24,3462,0,0,0
2022-11-11 14:58:12,butterworth0.1,pca_stft,resnet50,50,"[17, 12]","[4, 1, 16, 13, 19, 2, 20, 9, 11, 18, 7, 14, 5, 3, 6, 15, 10, 8]",0.99941,0.99424,0.92593,0.97222,0.99551,0.94851,24,3513,13,0,3
2022-11-11 21:55:16,butterworth0.1,pca_stft,resnet50,50,"[4, 1]","[16, 13, 19, 2, 20, 9, 11, 18, 7, 14, 5, 3, 6, 15, 10, 8, 17, 12]",0.99993,0.99257,0.86207,1.0,0.99221,0.92593,24,3502,26,0,7
2022-11-12 04:46:56,butterworth0.1,pca_stft,resnet50,50,"[16, 13]","[19, 2, 20, 9, 11, 18, 7, 14, 5, 3, 6, 15, 10, 8, 17, 12, 4, 1]",0.99925,0.99697,0.98295,0.96111,0.99904,0.97191,24,3478,3,0,3
2022-11-12 21:52:27,butterworth0.2,pca_stft,resnet50,50,"[5, 3]","[6, 15, 10, 8, 17, 12, 4, 1, 16, 13, 19, 2, 20, 9, 11, 18, 7, 14]",0.99671,0.98892,0.7931,0.95833,0.99013,0.86792,24,3460,30,0,4
2022-11-13 02:06:37,butterworth0.2,db-cv20,CNN,100,"[20, 9, 11, 18, 7, 14, 5, 3, 6, 15, 10, 8, 17, 12, 4, 1, 16, 13]","[19, 2]",0.94919,0.96344,0.61433,0.77219,0.97378,0.68427,216,31356,808,19,76
2022-11-13 04:15:32,butterworth0.2,db-cv20,CNN,100,"[19, 2]","[20, 9, 11, 18, 7, 14, 5, 3, 6, 15, 10, 8, 17, 12, 4, 1, 16, 13]",0.99999,0.99753,1.0,0.95,1.0,0.97436,24,3455,0,2,0
2022-11-13 04:35:45,butterworth0.2,pca_stft,resnet50,50,"[6, 15]","[10, 8, 17, 12, 4, 1, 16, 13, 19, 2, 20, 9, 11, 18, 7, 14, 5, 3]",0.99994,0.99845,0.97368,0.99329,0.9987,0.98339,24,3460,3,0,1
2022-11-13 11:28:36,butterworth0.2,pca_stft,resnet50,50,"[10, 8]","[17, 12, 4, 1, 16, 13, 19, 2, 20, 9, 11, 18, 7, 14, 5, 3, 6, 15]",0.99992,0.99819,0.98421,0.98421,0.99904,0.98421,24,3462,2,0,1
2022-11-13 13:28:35,butterworth0.2,db-cv20,CNN,100,"[20, 9, 11, 18, 7, 14, 5, 3, 6, 15, 10, 8, 17, 12, 4, 1, 16, 13]","[19, 2]",0.95987,0.97285,0.7301,0.74702,0.98506,0.73846,216,31356,492,26,67
2022-11-13 13:51:20,butterworth0.2,db-cv20,CNN,100,"[11, 18, 7, 14, 5, 3, 6, 15, 10, 8, 17, 12, 4, 1, 16, 13, 19, 2]","[20, 9]",0.97257,0.92594,0.40081,0.92886,0.92579,0.55998,216,31331,1984,1,156
2022-11-13 14:11:36,butterworth0.2,db-cv20,CNN,100,"[7, 14, 5, 3, 6, 15, 10, 8, 17, 12, 4, 1, 16, 13, 19, 2, 20, 9]","[11, 18]",0.96895,0.89745,0.32278,0.9302,0.8957,0.47925,216,31301,2985,4,131
2022-11-13 14:28:41,butterworth0.2,db-cv20,CNN,200,"[20, 9, 11, 18, 7, 14, 5, 3, 6, 15, 10, 8, 17, 12, 4, 1, 16, 13]","[19, 2]",0.9612,0.97414,0.73869,0.76755,0.98532,0.75284,216,31356,463,24,57
2022-11-13 14:33:30,butterworth0.2,db-cv20,CNN,100,"[5, 3, 6, 15, 10, 8, 17, 12, 4, 1, 16, 13, 19, 2, 20, 9, 11, 18]","[7, 14]",0.96748,0.9715,0.69244,0.78778,0.98131,0.73704,216,31320,528,15,67
2022-11-13 14:44:52,butterworth0.2,db-cv20,CNN,200,"[11, 18, 7, 14, 5, 3, 6, 15, 10, 8, 17, 12, 4, 1, 16, 13, 19, 2]","[20, 9]",0.95054,0.97099,0.71642,0.70872,0.98501,0.71255,216,31331,412,28,98
2022-11-13 15:01:01,butterworth0.2,db-cv20,CNN,200,"[7, 14, 5, 3, 6, 15, 10, 8, 17, 12, 4, 1, 16, 13, 19, 2, 20, 9]","[11, 18]",0.96104,0.96323,0.60951,0.76577,0.97378,0.67876,216,31301,795,24,64
2022-11-13 15:16:19,butterworth0.2,db-cv20,CNN,200,"[5, 3, 6, 15, 10, 8, 17, 12, 4, 1, 16, 13, 19, 2, 20, 9, 11, 18]","[7, 14]",0.97245,0.98223,0.82298,0.8274,0.99049,0.82518,216,31320,271,21,53
2022-11-14 06:28:44,butterworth0.2,pca_stft,resnet50,50,"[19, 2]","[20, 9, 11, 18, 7, 14, 5, 3, 6, 15, 10, 8, 17, 12, 4, 1, 16, 13]",0.99986,0.99784,0.96933,0.9875,0.99838,0.97833,24,3455,4,0,1
2022-11-14 14:01:09,butterworth0.2,pca_stft,resnet50,50,"[20, 9]","[11, 18, 7, 14, 5, 3, 6, 15, 10, 8, 17, 12, 4, 1, 16, 13, 19, 2]",0.99999,0.99667,0.94241,1.0,0.99647,0.97035,24,3480,9,0,3
2022-11-14 21:27:57,butterworth0.2,pca_stft,resnet50,50,"[11, 18]","[7, 14, 5, 3, 6, 15, 10, 8, 17, 12, 4, 1, 16, 13, 19, 2, 20, 9]",0.9998,0.99727,0.98305,0.96667,0.99904,0.97479,24,3510,0,0,0
2022-11-15 04:58:18,butterworth0.2,pca_stft,resnet50,50,"[7, 14]","[5, 3, 6, 15, 10, 8, 17, 12, 4, 1, 16, 13, 19, 2, 20, 9, 11, 18]",0.99992,0.99849,0.98889,0.98343,0.99936,0.98615,24,3491,0,0,0
2022-11-15 12:34:52,butterworth0.2,pca_stft,resnet50,50,"[17, 12]","[4, 1, 16, 13, 19, 2, 20, 9, 11, 18, 7, 14, 5, 3, 6, 15, 10, 8]",0.99957,0.99636,0.97191,0.96111,0.9984,0.96648,24,3513,2,0,2
2022-11-15 20:09:37,butterworth0.2,pca_stft,resnet50,50,"[4, 1]","[16, 13, 19, 2, 20, 9, 11, 18, 7, 14, 5, 3, 6, 15, 10, 8, 17, 12]",1.0,0.99536,0.90909,1.0,0.99513,0.95238,24,3502,21,0,2
2022-11-16 03:42:39,butterworth0.2,pca_stft,resnet50,50,"[16, 13]","[19, 2, 20, 9, 11, 18, 7, 14, 5, 3, 6, 15, 10, 8, 17, 12, 4, 1]",0.99864,0.99394,0.95455,0.93333,0.99744,0.94382,24,3478,4,0,2
2022-11-23 02:38:21,butterworth0.1,cv20,CNN,100,"[6, 15, 10, 8, 17, 12, 4, 1, 16, 13]","[19, 2, 20, 9, 11, 18, 7, 14, 5, 3]",0.99877,0.99261,1.0,0.85748,1.0,0.92327,120,17415,0,10,0
2022-11-23 03:38:27,butterworth0.1,cv20,CNN,100,"[19, 2, 20, 9, 11, 18, 7, 14, 5, 3]","[6, 15, 10, 8, 17, 12, 4, 1, 16, 13]",1.0,0.99963,0.99878,0.99391,0.99994,0.99634,120,17396,0,0,0
2022-11-23 08:07:22,butterworth0.3,pca_stft,resnet50,50,"[19, 2]","[20, 9, 11, 18, 7, 14, 5, 3, 6, 15, 10, 8, 17, 12, 4, 1, 16, 13]",0.99995,0.9966,0.93567,1.0,0.99643,0.96677,24,3455,8,0,2
2022-11-23 15:31:55,butterworth0.3,pca_stft,resnet50,50,"[20, 9]","[11, 18, 7, 14, 5, 3, 6, 15, 10, 8, 17, 12, 4, 1, 16, 13, 19, 2]",0.99977,0.99879,0.98889,0.98889,0.99936,0.98889,24,3480,0,0,0
2022-11-23 23:06:08,butterworth0.3,pca_stft,resnet50,50,"[11, 18]","[7, 14, 5, 3, 6, 15, 10, 8, 17, 12, 4, 1, 16, 13, 19, 2, 20, 9]",0.99963,0.99636,0.96154,0.97222,0.99776,0.96685,24,3510,4,0,3
2022-11-24 06:42:20,butterworth0.3,pca_stft,resnet50,50,"[7, 14]","[5, 3, 6, 15, 10, 8, 17, 12, 4, 1, 16, 13, 19, 2, 20, 9, 11, 18]",0.99978,0.99849,1.0,0.97238,1.0,0.98599,24,3491,0,0,0
2022-11-24 14:17:39,butterworth0.3,pca_stft,resnet50,50,"[17, 12]","[4, 1, 16, 13, 19, 2, 20, 9, 11, 18, 7, 14, 5, 3, 6, 15, 10, 8]",0.99991,0.99848,0.97814,0.99444,0.99872,0.98623,24,3513,3,0,2
2022-11-24 21:52:52,butterworth0.3,pca_stft,resnet50,50,"[4, 1]","[16, 13, 19, 2, 20, 9, 11, 18, 7, 14, 5, 3, 6, 15, 10, 8, 17, 12]",0.99972,0.98824,0.80108,0.99333,0.98799,0.8869,24,3502,45,0,5
2022-11-25 05:28:02,butterworth0.3,pca_stft,resnet50,50,"[16, 13]","[19, 2, 20, 9, 11, 18, 7, 14, 5, 3, 6, 15, 10, 8, 17, 12, 4, 1]",0.99819,0.99667,0.98286,0.95556,0.99904,0.96901,24,3478,2,0,1
2022-11-25 05:45:57,butterworth0.3,pca_stft,resnet50,50,"[5, 3]","[6, 15, 10, 8, 17, 12, 4, 1, 16, 13, 19, 2, 20, 9, 11, 18, 7, 14]",0.9995,0.99494,0.9127,0.95833,0.99638,0.93496,24,3460,7,1,3
2022-11-25 14:18:05,butterworth0.3,pca_stft,resnet50,50,"[6, 15]","[10, 8, 17, 12, 4, 1, 16, 13, 19, 2, 20, 9, 11, 18, 7, 14, 5, 3]",0.99997,0.99907,0.99324,0.98658,0.99968,0.9899,24,3460,0,0,0
2022-11-25 23:03:43,butterworth0.3,pca_stft,resnet50,50,"[10, 8]","[17, 12, 4, 1, 16, 13, 19, 2, 20, 9, 11, 18, 7, 14, 5, 3, 6, 15]",0.99974,0.99668,0.97354,0.96842,0.9984,0.97098,24,3462,4,0,3
2022-11-29 00:52:25,none,pca_stft,resnet50,50,"[20, 9, 11, 18, 7, 14, 5, 3, 6, 15, 10, 8, 17, 12, 4, 1, 16, 13]","[19, 2]",0.98929,0.97611,0.70661,0.91391,0.97948,0.797,216,31356,581,3,54
2022-11-29 03:08:48,hampel,cv20,CNN,100,"[19, 2, 20, 9, 11, 18, 7, 14, 5, 3]","[6, 15, 10, 8, 17, 12, 4, 1, 16, 13]",0.99975,0.9981,0.97024,0.99269,0.99839,0.98134,120,17396,23,0,1
2022-11-29 03:10:55,none,pca_stft,resnet50,50,"[11, 18, 7, 14, 5, 3, 6, 15, 10, 8, 17, 12, 4, 1, 16, 13, 19, 2]","[20, 9]",0.98215,0.97671,0.7295,0.85973,0.98296,0.78928,216,31331,473,2,43
2022-11-29 03:14:06,hampel,cv20,CNN,100,"[6, 15, 10, 8, 17, 12, 4, 1, 16, 13]","[19, 2, 20, 9, 11, 18, 7, 14, 5, 3]",0.99999,0.99921,0.99409,0.99058,0.99968,0.99233,120,17415,6,0,3
2022-11-29 04:11:19,hampel,cv20,CNN,100,"[6, 15, 10, 8, 17, 12, 4, 1, 16, 13]","[19, 2, 20, 9, 11, 18, 7, 14, 5, 3]",0.99995,0.99401,0.89735,0.99882,0.99375,0.94537,120,17415,77,0,19
2022-11-29 04:20:13,hampel,cv20,CNN,100,"[19, 2, 20, 9, 11, 18, 7, 14, 5, 3]","[6, 15, 10, 8, 17, 12, 4, 1, 16, 13]",0.99996,0.99908,0.98789,0.99391,0.99935,0.99089,120,17396,13,0,1
2022-11-29 05:33:11,none,pca_stft,resnet50,50,"[7, 14, 5, 3, 6, 15, 10, 8, 17, 12, 4, 1, 16, 13, 19, 2, 20, 9]","[11, 18]",0.98556,0.96469,0.59844,0.92416,0.96686,0.72646,216,31301,831,3,76
2022-11-29 07:55:09,none,pca_stft,resnet50,50,"[5, 3, 6, 15, 10, 8, 17, 12, 4, 1, 16, 13, 19, 2, 20, 9, 11, 18]","[7, 14]",0.99317,0.98212,0.76571,0.93284,0.98476,0.84105,216,31320,442,4,41
2022-11-29 10:17:51,none,pca_stft,resnet50,50,"[6, 15, 10, 8, 17, 12, 4, 1, 16, 13, 19, 2, 20, 9, 11, 18, 7, 14]","[5, 3]",0.98187,0.97774,0.76625,0.82903,0.98598,0.79641,216,31351,238,2,43
2022-11-29 10:55:02,hampel,cv20,CNN,100,"[20, 9, 11, 18, 7, 14, 5, 3, 6, 15, 10, 8, 17, 12, 4, 1, 16, 13]","[19, 2]",0.99644,0.99297,0.90949,0.95828,0.99484,0.93325,216,31356,89,4,20
2022-11-29 11:13:12,hampel,cv20,CNN,100,"[11, 18, 7, 14, 5, 3, 6, 15, 10, 8, 17, 12, 4, 1, 16, 13, 19, 2]","[20, 9]",0.99557,0.98543,0.79831,0.95369,0.98712,0.86911,216,31331,338,4,48
2022-11-29 11:31:08,hampel,cv20,CNN,100,"[7, 14, 5, 3, 6, 15, 10, 8, 17, 12, 4, 1, 16, 13, 19, 2, 20, 9]","[11, 18]",0.99755,0.98989,0.85527,0.96376,0.99128,0.90628,216,31301,185,1,18
2022-11-29 11:49:05,hampel,cv20,CNN,100,"[5, 3, 6, 15, 10, 8, 17, 12, 4, 1, 16, 13, 19, 2, 20, 9, 11, 18]","[7, 14]",0.99931,0.99411,0.90971,0.9812,0.9948,0.9441,216,31320,91,1,22
2022-11-29 12:06:12,hampel,cv20,CNN,100,"[6, 15, 10, 8, 17, 12, 4, 1, 16, 13, 19, 2, 20, 9, 11, 18, 7, 14]","[5, 3]",0.98546,0.92047,0.39427,0.95871,0.91835,0.55875,216,31351,2324,4,104
2022-11-29 12:23:46,hampel,cv20,CNN,100,"[10, 8, 17, 12, 4, 1, 16, 13, 19, 2, 20, 9, 11, 18, 7, 14, 5, 3]","[6, 15]",0.99182,0.96026,0.56831,0.95989,0.96028,0.71394,216,31351,1087,2,67
2022-11-29 12:34:57,hampel,cv20,CNN,100,"[19, 2]","[20, 9, 11, 18, 7, 14, 5, 3, 6, 15, 10, 8, 17, 12, 4, 1, 16, 13]",0.99996,0.99877,0.97561,1.0,0.9987,0.98765,24,3455,0,0,0
2022-11-29 12:38:17,none,pca_stft,resnet50,50,"[10, 8, 17, 12, 4, 1, 16, 13, 19, 2, 20, 9, 11, 18, 7, 14, 5, 3]","[6, 15]",0.99365,0.9858,0.81496,0.9382,0.9884,0.87225,216,31351,299,1,44
2022-11-29 12:42:18,hampel,cv20,CNN,100,"[17, 12, 4, 1, 16, 13, 19, 2, 20, 9, 11, 18, 7, 14, 5, 3, 6, 15]","[10, 8]",0.99539,0.96696,0.60833,0.96757,0.96693,0.747,216,31349,943,0,68
2022-11-29 13:00:53,hampel,cv20,CNN,100,"[4, 1, 16, 13, 19, 2, 20, 9, 11, 18, 7, 14, 5, 3, 6, 15, 10, 8]","[17, 12]",0.99481,0.98488,0.77614,0.98658,0.98479,0.86879,216,31298,258,0,38
2022-11-29 13:18:53,hampel,cv20,CNN,100,"[16, 13, 19, 2, 20, 9, 11, 18, 7, 14, 5, 3, 6, 15, 10, 8, 17, 12]","[4, 1]",0.99613,0.99406,0.94983,0.93421,0.99731,0.94196,216,31309,39,5,7
2022-11-29 13:37:34,hampel,cv20,CNN,100,"[19, 2, 20, 9, 11, 18, 7, 14, 5, 3, 6, 15, 10, 8, 17, 12, 4, 1]","[16, 13]",0.99809,0.98962,0.8415,0.97987,0.99014,0.90543,216,31333,240,1,46
2022-11-29 14:26:04,hampel,cv20,CNN,100,"[20, 9]","[11, 18, 7, 14, 5, 3, 6, 15, 10, 8, 17, 12, 4, 1, 16, 13, 19, 2]",1.0,0.9997,0.99448,1.0,0.99968,0.99723,24,3480,0,0,0
2022-11-29 15:00:16,none,pca_stft,resnet50,50,"[17, 12, 4, 1, 16, 13, 19, 2, 20, 9, 11, 18, 7, 14, 5, 3, 6, 15]","[10, 8]",0.98991,0.97098,0.64618,0.93784,0.97274,0.76516,216,31349,775,0,70
2022-11-29 15:27:05,gaussian,cv20,CNN,100,"[20, 9, 11, 18, 7, 14, 5, 3, 6, 15, 10, 8, 17, 12, 4, 1, 16, 13]","[19, 2]",0.99915,0.98423,0.9981,0.69404,0.99993,0.81875,216,31356,1,30,1
2022-11-29 15:45:03,gaussian,cv20,CNN,100,"[11, 18, 7, 14, 5, 3, 6, 15, 10, 8, 17, 12, 4, 1, 16, 13, 19, 2]","[20, 9]",0.99976,0.99517,0.99632,0.90805,0.99982,0.95014,216,31331,6,4,3
2022-11-29 16:02:27,gaussian,cv20,CNN,100,"[7, 14, 5, 3, 6, 15, 10, 8, 17, 12, 4, 1, 16, 13, 19, 2, 20, 9]","[11, 18]",0.99939,0.98073,1.0,0.62013,1.0,0.76553,216,31301,3,52,2
2022-11-29 16:16:33,hampel,cv20,CNN,100,"[11, 18]","[7, 14, 5, 3, 6, 15, 10, 8, 17, 12, 4, 1, 16, 13, 19, 2, 20, 9]",0.99993,0.99303,0.89055,0.99444,0.99295,0.93963,24,3510,25,0,1
2022-11-29 16:19:45,gaussian,cv20,CNN,100,"[5, 3, 6, 15, 10, 8, 17, 12, 4, 1, 16, 13, 19, 2, 20, 9, 11, 18]","[7, 14]",0.99951,0.99452,0.99775,0.89389,0.99989,0.94297,216,31320,2,6,1
2022-11-29 16:36:47,gaussian,cv20,CNN,100,"[6, 15, 10, 8, 17, 12, 4, 1, 16, 13, 19, 2, 20, 9, 11, 18, 7, 14]","[5, 3]",0.999,0.99156,0.969,0.8671,0.99846,0.91522,216,31351,17,13,5
2022-11-29 16:54:55,gaussian,cv20,CNN,100,"[10, 8, 17, 12, 4, 1, 16, 13, 19, 2, 20, 9, 11, 18, 7, 14, 5, 3]","[6, 15]",0.99672,0.97938,0.98004,0.61341,0.99932,0.75455,216,31351,10,38,5
2022-11-29 17:12:52,gaussian,cv20,CNN,100,"[17, 12, 4, 1, 16, 13, 19, 2, 20, 9, 11, 18, 7, 14, 5, 3, 6, 15]","[10, 8]",0.99767,0.9892,0.92915,0.85068,0.99656,0.88818,216,31349,92,2,23
2022-11-29 17:22:01,none,pca_stft,resnet50,50,"[4, 1, 16, 13, 19, 2, 20, 9, 11, 18, 7, 14, 5, 3, 6, 15, 10, 8]","[17, 12]",0.98617,0.98005,0.75566,0.89664,0.98451,0.82014,216,31298,397,5,49
2022-11-29 17:31:16,gaussian,cv20,CNN,100,"[4, 1, 16, 13, 19, 2, 20, 9, 11, 18, 7, 14, 5, 3, 6, 15, 10, 8]","[17, 12]",0.99878,0.99077,0.99513,0.82215,0.99978,0.9004,216,31298,0,11,0
2022-11-29 17:49:15,gaussian,cv20,CNN,100,"[16, 13, 19, 2, 20, 9, 11, 18, 7, 14, 5, 3, 6, 15, 10, 8, 17, 12]","[4, 1]",0.99945,0.98849,1.0,0.77697,1.0,0.87449,216,31309,0,24,0
2022-11-29 18:07:17,gaussian,cv20,CNN,100,"[19, 2, 20, 9, 11, 18, 7, 14, 5, 3, 6, 15, 10, 8, 17, 12, 4, 1]","[16, 13]",0.9993,0.99305,0.99386,0.86846,0.99971,0.92693,216,31333,1,9,1
2022-11-29 18:08:54,hampel,cv20,CNN,100,"[7, 14]","[5, 3, 6, 15, 10, 8, 17, 12, 4, 1, 16, 13, 19, 2, 20, 9, 11, 18]",1.0,1.0,1.0,1.0,1.0,1.0,24,3491,0,0,0
2022-11-29 19:44:58,none,pca_stft,resnet50,50,"[16, 13, 19, 2, 20, 9, 11, 18, 7, 14, 5, 3, 6, 15, 10, 8, 17, 12]","[4, 1]",0.99051,0.98685,0.9108,0.82632,0.99559,0.86651,216,31309,118,5,39
2022-11-29 20:00:32,hampel,cv20,CNN,100,"[5, 3]","[6, 15, 10, 8, 17, 12, 4, 1, 16, 13, 19, 2, 20, 9, 11, 18, 7, 14]",0.99995,0.99905,0.98347,0.99167,0.99934,0.98755,24,3460,0,0,0
2022-11-29 21:10:46,gaussian,cv20,CNN,100,"[6, 15, 10, 8, 17, 12, 4, 1, 16, 13]","[19, 2, 20, 9, 11, 18, 7, 14, 5, 3]",0.9997,0.99359,1.0,0.87633,1.0,0.93409,120,17415,0,7,0
2022-11-29 21:52:21,hampel,cv20,CNN,100,"[6, 15]","[10, 8, 17, 12, 4, 1, 16, 13, 19, 2, 20, 9, 11, 18, 7, 14, 5, 3]",1.0,0.99969,1.0,0.99329,1.0,0.99663,24,3460,0,0,0
2022-11-29 22:05:54,none,pca_stft,resnet50,50,"[19, 2, 20, 9, 11, 18, 7, 14, 5, 3, 6, 15, 10, 8, 17, 12, 4, 1]","[16, 13]",0.98767,0.98086,0.8319,0.78054,0.99157,0.8054,216,31333,207,6,39
2022-11-29 22:17:20,gaussian,cv20,CNN,100,"[19, 2, 20, 9, 11, 18, 7, 14, 5, 3]","[6, 15, 10, 8, 17, 12, 4, 1, 16, 13]",0.99999,0.99908,0.99876,0.98295,0.99994,0.99079,120,17396,0,0,0
2022-11-29 23:37:45,butterworth0.2,cv40,CNN,100,"[6, 15, 10, 8, 17, 12, 4, 1, 16, 13]","[19, 2, 20, 9, 11, 18, 7, 14, 5, 3]",0.99884,0.99982,1.0,0.99647,1.0,0.99823,120,17415,0,0,0
2022-11-29 23:44:00,hampel,cv20,CNN,100,"[10, 8]","[17, 12, 4, 1, 16, 13, 19, 2, 20, 9, 11, 18, 7, 14, 5, 3, 6, 15]",1.0,1.0,1.0,1.0,1.0,1.0,24,3462,0,0,0
2022-11-30 00:18:03,butterworth0.2,cv40,CNN,100,"[19, 2, 20, 9, 11, 18, 7, 14, 5, 3]","[6, 15, 10, 8, 17, 12, 4, 1, 16, 13]",1.0,0.9989,1.0,0.97808,1.0,0.98892,120,17396,0,3,0
2022-11-30 01:21:59,butterworth0.2,cv40,CNN,100,"[19, 2]","[20, 9, 11, 18, 7, 14, 5, 3, 6, 15, 10, 8, 17, 12, 4, 1, 16, 13]",0.99999,0.99815,1.0,0.9625,1.0,0.98089,24,3455,0,0,0
2022-11-30 01:35:51,hampel,cv20,CNN,100,"[17, 12]","[4, 1, 16, 13, 19, 2, 20, 9, 11, 18, 7, 14, 5, 3, 6, 15, 10, 8]",1.0,0.9997,1.0,0.99444,1.0,0.99721,24,3513,0,0,0
2022-11-30 02:26:41,butterworth0.2,cv40,CNN,100,"[20, 9]","[11, 18, 7, 14, 5, 3, 6, 15, 10, 8, 17, 12, 4, 1, 16, 13, 19, 2]",1.0,0.99939,1.0,0.98889,1.0,0.99441,24,3480,0,0,0
2022-11-30 03:28:22,butterworth0.2,cv5,CNN,100,"[19, 2]","[20, 9, 11, 18, 7, 14, 5, 3, 6, 15, 10, 8, 17, 12, 4, 1, 16, 13]",0.99601,0.99753,1.0,0.95,1.0,0.97436,24,3455,0,1,0
2022-11-30 03:28:28,hampel,cv20,CNN,100,"[4, 1]","[16, 13, 19, 2, 20, 9, 11, 18, 7, 14, 5, 3, 6, 15, 10, 8, 17, 12]",1.0,1.0,1.0,1.0,1.0,1.0,24,3502,0,0,0
2022-11-30 03:30:21,butterworth0.2,cv40,CNN,100,"[11, 18]","[7, 14, 5, 3, 6, 15, 10, 8, 17, 12, 4, 1, 16, 13, 19, 2, 20, 9]",0.99999,0.99788,1.0,0.96111,1.0,0.98017,24,3510,0,0,0
2022-11-30 04:37:03,butterworth0.2,cv40,CNN,100,"[7, 14]","[5, 3, 6, 15, 10, 8, 17, 12, 4, 1, 16, 13, 19, 2, 20, 9, 11, 18]",1.0,0.99939,1.0,0.98895,1.0,0.99444,24,3491,0,1,0
2022-11-30 05:21:23,hampel,cv20,CNN,100,"[16, 13]","[19, 2, 20, 9, 11, 18, 7, 14, 5, 3, 6, 15, 10, 8, 17, 12, 4, 1]",0.99746,0.99879,1.0,0.97778,1.0,0.98876,24,3478,0,0,0
2022-11-30 05:45:31,butterworth0.2,cv40,CNN,100,"[5, 3]","[6, 15, 10, 8, 17, 12, 4, 1, 16, 13, 19, 2, 20, 9, 11, 18, 7, 14]",0.99996,0.99272,1.0,0.80833,1.0,0.89401,24,3460,0,2,0
2022-11-30 06:09:46,butterworth0.2,cv5,CNN,100,"[20, 9]","[11, 18, 7, 14, 5, 3, 6, 15, 10, 8, 17, 12, 4, 1, 16, 13, 19, 2]",1.0,0.99939,0.98901,1.0,0.99936,0.99448,24,3480,2,0,2
2022-11-30 06:53:46,butterworth0.2,cv40,CNN,100,"[6, 15]","[10, 8, 17, 12, 4, 1, 16, 13, 19, 2, 20, 9, 11, 18, 7, 14, 5, 3]",1.0,0.99907,1.0,0.97987,1.0,0.98983,24,3460,0,0,0
2022-11-30 08:00:46,butterworth0.2,cv40,CNN,100,"[10, 8]","[17, 12, 4, 1, 16, 13, 19, 2, 20, 9, 11, 18, 7, 14, 5, 3, 6, 15]",0.99985,0.99063,1.0,0.83684,1.0,0.91117,24,3462,0,4,0
2022-11-30 08:52:07,butterworth0.2,cv5,CNN,100,"[11, 18]","[7, 14, 5, 3, 6, 15, 10, 8, 17, 12, 4, 1, 16, 13, 19, 2, 20, 9]",0.99996,0.99939,1.0,0.98889,1.0,0.99441,24,3510,0,0,0
2022-11-30 09:10:23,butterworth0.2,cv40,CNN,100,"[17, 12]","[4, 1, 16, 13, 19, 2, 20, 9, 11, 18, 7, 14, 5, 3, 6, 15, 10, 8]",1.0,1.0,1.0,1.0,1.0,1.0,24,3513,0,0,0
2022-11-30 10:19:25,butterworth0.2,cv40,CNN,100,"[4, 1]","[16, 13, 19, 2, 20, 9, 11, 18, 7, 14, 5, 3, 6, 15, 10, 8, 17, 12]",1.0,0.99567,1.0,0.90667,1.0,0.95105,24,3502,0,0,0
2022-11-30 11:28:30,butterworth0.2,cv40,CNN,100,"[16, 13]","[19, 2, 20, 9, 11, 18, 7, 14, 5, 3, 6, 15, 10, 8, 17, 12, 4, 1]",0.99446,0.99636,1.0,0.93333,1.0,0.96552,24,3478,0,0,0
2022-11-30 11:35:13,butterworth0.2,cv5,CNN,100,"[7, 14]","[5, 3, 6, 15, 10, 8, 17, 12, 4, 1, 16, 13, 19, 2, 20, 9, 11, 18]",1.0,1.0,1.0,1.0,1.0,1.0,24,3491,0,0,0
2022-11-30 13:50:43,butterworth0.2,cv40,CNN,100,"[20, 9, 11, 18, 7, 14, 5, 3, 6, 15, 10, 8, 17, 12, 4, 1, 16, 13]","[19, 2]",0.99921,0.99215,0.99382,0.85232,0.99971,0.91765,216,31356,5,17,4
2022-11-30 14:00:37,butterworth0.2,cv40,CNN,100,"[11, 18, 7, 14, 5, 3, 6, 15, 10, 8, 17, 12, 4, 1, 16, 13, 19, 2]","[20, 9]",0.99943,0.99377,0.90767,0.97651,0.99469,0.94083,216,31331,146,2,32
2022-11-30 14:10:09,butterworth0.2,cv40,CNN,100,"[7, 14, 5, 3, 6, 15, 10, 8, 17, 12, 4, 1, 16, 13, 19, 2, 20, 9]","[11, 18]",0.99911,0.98972,0.9845,0.81007,0.99932,0.88881,216,31301,24,13,6
2022-11-30 14:18:20,butterworth0.2,cv5,CNN,100,"[5, 3]","[6, 15, 10, 8, 17, 12, 4, 1, 16, 13, 19, 2, 20, 9, 11, 18, 7, 14]",1.0,0.99778,1.0,0.94167,1.0,0.96996,24,3460,0,1,0
2022-11-30 14:20:10,butterworth0.2,cv40,CNN,100,"[5, 3, 6, 15, 10, 8, 17, 12, 4, 1, 16, 13, 19, 2, 20, 9, 11, 18]","[7, 14]",0.99945,0.99516,0.99778,0.90665,0.99989,0.95004,216,31320,1,10,1
2022-11-30 14:29:39,butterworth0.2,cv40,CNN,100,"[6, 15, 10, 8, 17, 12, 4, 1, 16, 13, 19, 2, 20, 9, 11, 18, 7, 14]","[5, 3]",0.99892,0.98902,0.98497,0.80323,0.99932,0.88486,216,31351,1,18,1
2022-11-30 14:31:41,butterworth0.2,cv5,CNN,100,"[20, 9, 11, 18, 7, 14, 5, 3, 6, 15, 10, 8, 17, 12, 4, 1, 16, 13]","[19, 2]",0.99571,0.97655,0.68825,0.99272,0.97568,0.81291,216,31356,629,0,59
2022-11-30 14:39:25,butterworth0.2,cv40,CNN,100,"[10, 8, 17, 12, 4, 1, 16, 13, 19, 2, 20, 9, 11, 18, 7, 14, 5, 3]","[6, 15]",0.99801,0.99147,0.92675,0.90664,0.9961,0.91658,216,31351,57,3,18
2022-11-30 14:49:17,butterworth0.2,cv40,CNN,100,"[17, 12, 4, 1, 16, 13, 19, 2, 20, 9, 11, 18, 7, 14, 5, 3, 6, 15]","[10, 8]",0.99688,0.98801,0.91108,0.84459,0.99562,0.87658,216,31349,130,4,21
2022-11-30 14:59:08,butterworth0.2,cv40,CNN,100,"[4, 1, 16, 13, 19, 2, 20, 9, 11, 18, 7, 14, 5, 3, 6, 15, 10, 8]","[17, 12]",0.9992,0.992,0.98381,0.85638,0.99925,0.91568,216,31298,4,8,3
2022-11-30 15:04:50,butterworth0.2,cv5,CNN,100,"[11, 18, 7, 14, 5, 3, 6, 15, 10, 8, 17, 12, 4, 1, 16, 13, 19, 2]","[20, 9]",0.99582,0.98727,0.81741,0.96443,0.98849,0.88485,216,31331,333,3,48
2022-11-30 15:08:44,butterworth0.2,cv40,CNN,100,"[16, 13, 19, 2, 20, 9, 11, 18, 7, 14, 5, 3, 6, 15, 10, 8, 17, 12]","[4, 1]",0.99935,0.99351,1.0,0.87434,1.0,0.93296,216,31309,0,16,0
2022-11-30 15:18:37,butterworth0.2,cv40,CNN,100,"[19, 2, 20, 9, 11, 18, 7, 14, 5, 3, 6, 15, 10, 8, 17, 12, 4, 1]","[16, 13]",0.99824,0.99098,0.97889,0.84027,0.99903,0.9043,216,31333,27,13,6
2022-11-30 15:34:51,butterworth0.2,cv5,CNN,100,"[7, 14, 5, 3, 6, 15, 10, 8, 17, 12, 4, 1, 16, 13, 19, 2, 20, 9]","[11, 18]",0.99183,0.98747,0.89231,0.85638,0.99448,0.87397,216,31301,178,24,18
2022-11-30 16:07:09,butterworth0.2,cv5,CNN,100,"[5, 3, 6, 15, 10, 8, 17, 12, 4, 1, 16, 13, 19, 2, 20, 9, 11, 18]","[7, 14]",0.99864,0.99309,0.91484,0.95232,0.99527,0.9332,216,31320,141,6,23
2022-11-30 16:37:08,butterworth0.2,cv5,CNN,100,"[6, 15, 10, 8, 17, 12, 4, 1, 16, 13, 19, 2, 20, 9, 11, 18, 7, 14]","[5, 3]",0.99826,0.98804,0.83306,0.96581,0.98927,0.89453,216,31351,336,6,40
2022-11-30 17:01:30,butterworth0.2,cv5,CNN,100,"[6, 15]","[10, 8, 17, 12, 4, 1, 16, 13, 19, 2, 20, 9, 11, 18, 7, 14, 5, 3]",0.99327,0.99845,1.0,0.96644,1.0,0.98294,24,3460,0,2,0
2022-11-30 17:09:18,butterworth0.2,cv5,CNN,100,"[10, 8, 17, 12, 4, 1, 16, 13, 19, 2, 20, 9, 11, 18, 7, 14, 5, 3]","[6, 15]",0.99591,0.97534,0.68293,0.97567,0.97532,0.80347,216,31351,604,1,53
2022-11-30 17:20:52,gaussian,cv20,CNN,100,"[19, 2]","[20, 9, 11, 18, 7, 14, 5, 3, 6, 15, 10, 8, 17, 12, 4, 1, 16, 13]",1.0,0.9966,1.0,0.93125,1.0,0.9644,24,3455,0,0,0
2022-11-30 17:40:24,butterworth0.2,cv5,CNN,100,"[17, 12, 4, 1, 16, 13, 19, 2, 20, 9, 11, 18, 7, 14, 5, 3, 6, 15]","[10, 8]",0.98817,0.9703,0.64629,0.90743,0.97364,0.75492,216,31349,756,10,48
2022-11-30 18:13:20,butterworth0.2,cv5,CNN,100,"[4, 1, 16, 13, 19, 2, 20, 9, 11, 18, 7, 14, 5, 3, 6, 15, 10, 8]","[17, 12]",0.99527,0.99391,0.98163,0.89664,0.9991,0.93722,216,31298,26,8,5
2022-11-30 18:44:13,butterworth0.2,cv5,CNN,100,"[16, 13, 19, 2, 20, 9, 11, 18, 7, 14, 5, 3, 6, 15, 10, 8, 17, 12]","[4, 1]",0.99553,0.9944,0.96821,0.92171,0.99835,0.94439,216,31309,44,7,16
2022-11-30 19:07:53,gaussian,cv20,CNN,100,"[20, 9]","[11, 18, 7, 14, 5, 3, 6, 15, 10, 8, 17, 12, 4, 1, 16, 13, 19, 2]",1.0,0.99848,1.0,0.97222,1.0,0.98592,24,3480,0,0,0
2022-11-30 19:17:11,butterworth0.2,cv5,CNN,100,"[19, 2, 20, 9, 11, 18, 7, 14, 5, 3, 6, 15, 10, 8, 17, 12, 4, 1]","[16, 13]",0.99636,0.99588,0.95725,0.96174,0.9977,0.95949,216,31333,66,8,14
2022-11-30 19:43:45,butterworth0.2,cv5,CNN,100,"[10, 8]","[17, 12, 4, 1, 16, 13, 19, 2, 20, 9, 11, 18, 7, 14, 5, 3, 6, 15]",0.99999,0.99909,1.0,0.98421,1.0,0.99204,24,3462,0,0,0
2022-11-30 20:55:24,gaussian,cv20,CNN,100,"[11, 18]","[7, 14, 5, 3, 6, 15, 10, 8, 17, 12, 4, 1, 16, 13, 19, 2, 20, 9]",1.0,0.99879,1.0,0.97778,1.0,0.98876,24,3510,0,0,0
2022-11-30 21:45:22,butterworth0.2,cv5,CNN,100,"[6, 15, 10, 8, 17, 12, 4, 1, 16, 13]","[19, 2, 20, 9, 11, 18, 7, 14, 5, 3]",0.99996,0.99927,0.99527,0.99058,0.99974,0.99292,120,17415,3,0,2
2022-11-30 22:26:56,butterworth0.2,cv5,CNN,100,"[17, 12]","[4, 1, 16, 13, 19, 2, 20, 9, 11, 18, 7, 14, 5, 3, 6, 15, 10, 8]",0.99994,0.99939,0.99444,0.99444,0.99968,0.99444,24,3513,1,0,1
2022-11-30 22:41:36,gaussian,cv20,CNN,100,"[7, 14]","[5, 3, 6, 15, 10, 8, 17, 12, 4, 1, 16, 13, 19, 2, 20, 9, 11, 18]",1.0,0.99727,1.0,0.95028,1.0,0.9745,24,3491,0,0,0
2022-11-30 23:44:09,butterworth0.2,cv5,CNN,100,"[19, 2, 20, 9, 11, 18, 7, 14, 5, 3]","[6, 15, 10, 8, 17, 12, 4, 1, 16, 13]",0.99982,0.99939,0.99877,0.98904,0.99994,0.99388,120,17396,1,1,1
2022-12-01 00:28:45,gaussian,cv20,CNN,100,"[5, 3]","[6, 15, 10, 8, 17, 12, 4, 1, 16, 13, 19, 2, 20, 9, 11, 18, 7, 14]",0.99978,0.99937,0.99167,0.99167,0.99967,0.99167,24,3460,0,0,0
2022-12-01 00:57:17,butterworth0.2,cv10,CNN,100,"[20, 9, 11, 18, 7, 14, 5, 3, 6, 15, 10, 8, 17, 12, 4, 1, 16, 13]","[19, 2]",0.99856,0.99626,0.94929,0.97947,0.99717,0.96415,216,31356,63,1,12
2022-12-01 01:13:55,butterworth0.2,cv5,CNN,100,"[4, 1]","[16, 13, 19, 2, 20, 9, 11, 18, 7, 14, 5, 3, 6, 15, 10, 8, 17, 12]",1.0,1.0,1.0,1.0,1.0,1.0,24,3502,0,0,0
2022-12-01 01:53:54,butterworth0.2,cv10,CNN,100,"[11, 18, 7, 14, 5, 3, 6, 15, 10, 8, 17, 12, 4, 1, 16, 13, 19, 2]","[20, 9]",0.9993,0.99646,0.98259,0.94698,0.9991,0.96446,216,31331,22,10,8
2022-12-01 02:16:50,gaussian,cv20,CNN,100,"[6, 15]","[10, 8, 17, 12, 4, 1, 16, 13, 19, 2, 20, 9, 11, 18, 7, 14, 5, 3]",1.0,0.99814,1.0,0.95973,1.0,0.97945,24,3460,0,0,0
2022-12-01 02:39:29,butterworth0.2,cv10,CNN,100,"[7, 14, 5, 3, 6, 15, 10, 8, 17, 12, 4, 1, 16, 13, 19, 2, 20, 9]","[11, 18]",0.99579,0.99244,0.94901,0.89933,0.99742,0.9235,216,31301,81,8,15
2022-12-01 03:12:47,butterworth0.2,cv10,CNN,100,"[19, 2]","[20, 9, 11, 18, 7, 14, 5, 3, 6, 15, 10, 8, 17, 12, 4, 1, 16, 13]",0.99968,0.99907,1.0,0.98125,1.0,0.99054,24,3455,0,1,0
2022-12-01 03:27:20,butterworth0.2,cv10,CNN,100,"[5, 3, 6, 15, 10, 8, 17, 12, 4, 1, 16, 13, 19, 2, 20, 9, 11, 18]","[7, 14]",0.99985,0.99581,0.93173,0.98993,0.99613,0.95995,216,31320,65,1,14
2022-12-01 04:00:26,butterworth0.2,cv5,CNN,100,"[16, 13]","[19, 2, 20, 9, 11, 18, 7, 14, 5, 3, 6, 15, 10, 8, 17, 12, 4, 1]",0.99999,0.99818,1.0,0.96667,1.0,0.98305,24,3478,0,0,0
2022-12-01 04:04:18,gaussian,cv20,CNN,100,"[10, 8]","[17, 12, 4, 1, 16, 13, 19, 2, 20, 9, 11, 18, 7, 14, 5, 3, 6, 15]",0.99999,0.99668,1.0,0.94211,1.0,0.97019,24,3462,0,0,0
2022-12-01 04:18:36,butterworth0.2,cv10,CNN,100,"[6, 15, 10, 8, 17, 12, 4, 1, 16, 13, 19, 2, 20, 9, 11, 18, 7, 14]","[5, 3]",0.99977,0.99532,0.9284,0.9871,0.99578,0.95685,216,31351,58,0,16
2022-12-01 04:58:31,butterworth0.2,cv10,CNN,100,"[6, 15, 10, 8, 17, 12, 4, 1, 16, 13]","[19, 2, 20, 9, 11, 18, 7, 14, 5, 3]",1.0,0.99957,0.99646,0.99529,0.99981,0.99588,120,17415,2,0,2
2022-12-01 05:13:39,butterworth0.2,cv10,CNN,100,"[10, 8, 17, 12, 4, 1, 16, 13, 19, 2, 20, 9, 11, 18, 7, 14, 5, 3]","[6, 15]",0.99937,0.99147,0.8679,0.98488,0.99183,0.9227,216,31351,146,0,32
2022-12-01 05:52:15,gaussian,cv20,CNN,100,"[17, 12]","[4, 1, 16, 13, 19, 2, 20, 9, 11, 18, 7, 14, 5, 3, 6, 15, 10, 8]",1.0,1.0,1.0,1.0,1.0,1.0,24,3513,0,0,0
2022-12-01 05:56:00,butterworth0.2,cv10,CNN,100,"[19, 2, 20, 9, 11, 18, 7, 14, 5, 3]","[6, 15, 10, 8, 17, 12, 4, 1, 16, 13]",0.99999,0.99963,0.99514,0.99756,0.99974,0.99635,120,17396,2,0,1
2022-12-01 06:01:13,butterworth0.2,cv10,CNN,100,"[20, 9]","[11, 18, 7, 14, 5, 3, 6, 15, 10, 8, 17, 12, 4, 1, 16, 13, 19, 2]",1.0,0.9997,0.99448,1.0,0.99968,0.99723,24,3480,1,0,1
2022-12-01 06:02:13,butterworth0.2,cv10,CNN,100,"[17, 12, 4, 1, 16, 13, 19, 2, 20, 9, 11, 18, 7, 14, 5, 3, 6, 15]","[10, 8]",0.99561,0.98059,0.73847,0.95203,0.9821,0.83176,216,31349,518,4,39
2022-12-01 06:51:51,butterworth0.2,cv10,CNN,100,"[4, 1, 16, 13, 19, 2, 20, 9, 11, 18, 7, 14, 5, 3, 6, 15, 10, 8]","[17, 12]",0.99656,0.99404,0.9164,0.97114,0.99527,0.94298,216,31298,82,0,18
2022-12-01 07:38:47,butterworth0.2,cv10,CNN,100,"[6, 15]","[10, 8, 17, 12, 4, 1, 16, 13, 19, 2, 20, 9, 11, 18, 7, 14, 5, 3]",1.0,0.99969,1.0,0.99329,1.0,0.99663,24,3460,0,0,0
2022-12-01 07:39:55,gaussian,cv20,CNN,100,"[4, 1]","[16, 13, 19, 2, 20, 9, 11, 18, 7, 14, 5, 3, 6, 15, 10, 8, 17, 12]",1.0,0.99443,1.0,0.88,1.0,0.93617,24,3502,0,0,0
2022-12-01 07:40:52,butterworth0.2,cv10,CNN,100,"[16, 13, 19, 2, 20, 9, 11, 18, 7, 14, 5, 3, 6, 15, 10, 8, 17, 12]","[4, 1]",0.99846,0.99501,0.9256,0.98224,0.9957,0.95308,216,31309,72,0,29
2022-12-01 08:30:56,butterworth0.2,cv10,CNN,100,"[19, 2, 20, 9, 11, 18, 7, 14, 5, 3, 6, 15, 10, 8, 17, 12, 4, 1]","[16, 13]",0.99839,0.9967,0.95612,0.97987,0.9976,0.96785,216,31333,62,2,17
2022-12-01 08:47:49,butterworth0.2,cv10,CNN,100,"[11, 18]","[7, 14, 5, 3, 6, 15, 10, 8, 17, 12, 4, 1, 16, 13, 19, 2, 20, 9]",1.0,1.0,1.0,1.0,1.0,1.0,24,3510,0,0,0
2022-12-01 09:23:51,butterworth0.2,cv10,CNN,100,"[10, 8]","[17, 12, 4, 1, 16, 13, 19, 2, 20, 9, 11, 18, 7, 14, 5, 3, 6, 15]",1.0,0.99909,1.0,0.98421,1.0,0.99204,24,3462,0,0,0
2022-12-01 09:28:09,gaussian,cv20,CNN,100,"[16, 13]","[19, 2, 20, 9, 11, 18, 7, 14, 5, 3, 6, 15, 10, 8, 17, 12, 4, 1]",0.99655,0.99515,1.0,0.91111,1.0,0.95349,24,3478,0,2,0
2022-12-01 10:59:31,butterworth0.2,cv10,CNN,100,"[7, 14]","[5, 3, 6, 15, 10, 8, 17, 12, 4, 1, 16, 13, 19, 2, 20, 9, 11, 18]",1.0,1.0,1.0,1.0,1.0,1.0,24,3491,0,0,0
2022-12-01 11:06:34,butterworth0.2,cv10,CNN,100,"[17, 12]","[4, 1, 16, 13, 19, 2, 20, 9, 11, 18, 7, 14, 5, 3, 6, 15, 10, 8]",1.0,0.9997,1.0,0.99444,1.0,0.99721,24,3513,0,0,0
2022-12-01 12:50:41,butterworth0.2,cv10,CNN,100,"[4, 1]","[16, 13, 19, 2, 20, 9, 11, 18, 7, 14, 5, 3, 6, 15, 10, 8, 17, 12]",1.0,0.99876,0.97403,1.0,0.9987,0.98684,24,3502,3,0,3
2022-12-01 13:12:41,butterworth0.2,cv10,CNN,100,"[5, 3]","[6, 15, 10, 8, 17, 12, 4, 1, 16, 13, 19, 2, 20, 9, 11, 18, 7, 14]",0.99999,0.99937,0.99167,0.99167,0.99967,0.99167,24,3460,1,0,1
2022-12-01 16:06:59,butterworth0.2,cv10,CNN,100,"[16, 13]","[19, 2, 20, 9, 11, 18, 7, 14, 5, 3, 6, 15, 10, 8, 17, 12, 4, 1]",1.0,0.99879,1.0,0.97778,1.0,0.98876,24,3478,0,0,0
2022-12-02 10:35:37,none,pca_stft,resnet50,50,"[19, 2]","[20, 9, 11, 18, 7, 14, 5, 3, 6, 15, 10, 8, 17, 12, 4, 1, 16, 13]",0.99974,0.99537,0.92398,0.9875,0.99578,0.95468,24,3455,10,0,1
2022-12-02 18:58:34,none,pca_stft,resnet50,50,"[20, 9]","[11, 18, 7, 14, 5, 3, 6, 15, 10, 8, 17, 12, 4, 1, 16, 13, 19, 2]",0.99995,0.99818,0.99432,0.97222,0.99968,0.98315,24,3480,0,0,0
2022-12-03 03:33:23,none,pca_stft,resnet50,50,"[11, 18]","[7, 14, 5, 3, 6, 15, 10, 8, 17, 12, 4, 1, 16, 13, 19, 2, 20, 9]",0.99876,0.99667,0.97207,0.96667,0.9984,0.96936,24,3510,4,0,4
2022-12-03 12:06:03,none,pca_stft,resnet50,50,"[7, 14]","[5, 3, 6, 15, 10, 8, 17, 12, 4, 1, 16, 13, 19, 2, 20, 9, 11, 18]",0.99984,0.99636,0.9774,0.9558,0.99872,0.96648,24,3491,3,0,3
2022-12-03 20:39:58,none,pca_stft,resnet50,50,"[5, 3]","[6, 15, 10, 8, 17, 12, 4, 1, 16, 13, 19, 2, 20, 9, 11, 18, 7, 14]",0.99799,0.99272,0.87597,0.94167,0.99474,0.90763,24,3460,8,0,4
2022-12-04 05:12:21,none,pca_stft,resnet50,50,"[6, 15]","[10, 8, 17, 12, 4, 1, 16, 13, 19, 2, 20, 9, 11, 18, 7, 14, 5, 3]",0.99998,0.99907,0.98667,0.99329,0.99935,0.98997,24,3460,2,0,1
2022-12-04 13:41:08,none,pca_stft,resnet50,50,"[10, 8]","[17, 12, 4, 1, 16, 13, 19, 2, 20, 9, 11, 18, 7, 14, 5, 3, 6, 15]",0.99878,0.99275,0.90291,0.97895,0.99359,0.93939,24,3462,20,0,5
2022-12-04 22:04:52,none,pca_stft,resnet50,50,"[17, 12]","[4, 1, 16, 13, 19, 2, 20, 9, 11, 18, 7, 14, 5, 3, 6, 15, 10, 8]",0.99976,0.99848,0.98343,0.98889,0.99904,0.98615,24,3513,1,0,1
2022-12-05 06:27:08,none,pca_stft,resnet50,50,"[4, 1]","[16, 13, 19, 2, 20, 9, 11, 18, 7, 14, 5, 3, 6, 15, 10, 8, 17, 12]",0.99933,0.987,0.78125,1.0,0.98636,0.87719,24,3502,41,0,3
2022-12-05 14:56:26,none,pca_stft,resnet50,50,"[16, 13]","[19, 2, 20, 9, 11, 18, 7, 14, 5, 3, 6, 15, 10, 8, 17, 12, 4, 1]",0.99945,0.99606,0.97714,0.95,0.99872,0.96338,24,3478,4,0,3
2022-12-06 05:52:29,none,pca_stft,resnet50,50,"[19, 2, 20, 9, 11, 18, 7, 14, 5, 3]","[6, 15, 10, 8, 17, 12, 4, 1, 16, 13]",0.9984,0.99509,0.94478,0.95859,0.99703,0.95163,120,17396,49,0,10
2022-12-06 11:17:35,none,pca_stft,resnet50,50,"[6, 15, 10, 8, 17, 12, 4, 1, 16, 13]","[19, 2, 20, 9, 11, 18, 7, 14, 5, 3]",0.99795,0.99352,0.9275,0.94935,0.99594,0.9383,120,17415,70,0,8
2023-01-10 12:19:21,butterworth0.2,3x3cv20,CNN,100,"[19, 2]","[20, 9, 11, 18, 7, 14, 5, 3, 6, 15, 10, 8, 17, 12, 4, 1, 16, 13]",1.0,0.99784,1.0,0.95625,1.0,0.97764,24,3455,0,0,0
2023-01-10 14:38:28,butterworth0.2,3x3cv20,CNN,100,"[20, 9]","[11, 18, 7, 14, 5, 3, 6, 15, 10, 8, 17, 12, 4, 1, 16, 13, 19, 2]",0.99971,0.9997,0.99448,1.0,0.99968,0.99723,24,3480,0,0,0
2023-01-10 16:58:05,butterworth0.2,3x3cv20,CNN,100,"[11, 18]","[7, 14, 5, 3, 6, 15, 10, 8, 17, 12, 4, 1, 16, 13, 19, 2, 20, 9]",1.0,0.9997,1.0,0.99444,1.0,0.99721,24,3510,0,0,0
2023-01-10 19:18:51,butterworth0.2,3x3cv20,CNN,100,"[7, 14]","[5, 3, 6, 15, 10, 8, 17, 12, 4, 1, 16, 13, 19, 2, 20, 9, 11, 18]",1.0,0.9997,1.0,0.99448,1.0,0.99723,24,3491,0,0,0
2023-01-10 21:39:49,butterworth0.2,3x3cv20,CNN,100,"[5, 3]","[6, 15, 10, 8, 17, 12, 4, 1, 16, 13, 19, 2, 20, 9, 11, 18, 7, 14]",0.99999,0.99842,1.0,0.95833,1.0,0.97872,24,3460,0,1,0
2023-01-11 00:00:46,butterworth0.2,3x3cv20,CNN,100,"[6, 15]","[10, 8, 17, 12, 4, 1, 16, 13, 19, 2, 20, 9, 11, 18, 7, 14, 5, 3]",1.0,0.99814,1.0,0.95973,1.0,0.97945,24,3460,0,0,0
2023-01-11 02:20:06,butterworth0.2,3x3cv20,CNN,100,"[10, 8]","[17, 12, 4, 1, 16, 13, 19, 2, 20, 9, 11, 18, 7, 14, 5, 3, 6, 15]",0.99992,0.99607,1.0,0.93158,1.0,0.96458,24,3462,0,1,0
2023-01-11 04:39:49,butterworth0.2,3x3cv20,CNN,100,"[17, 12]","[4, 1, 16, 13, 19, 2, 20, 9, 11, 18, 7, 14, 5, 3, 6, 15, 10, 8]",1.0,1.0,1.0,1.0,1.0,1.0,24,3513,0,0,0
2023-01-11 06:59:20,butterworth0.2,3x3cv20,CNN,100,"[4, 1]","[16, 13, 19, 2, 20, 9, 11, 18, 7, 14, 5, 3, 6, 15, 10, 8, 17, 12]",1.0,1.0,1.0,1.0,1.0,1.0,24,3502,0,0,0
2023-01-11 09:20:13,butterworth0.2,3x3cv20,CNN,100,"[16, 13]","[19, 2, 20, 9, 11, 18, 7, 14, 5, 3, 6, 15, 10, 8, 17, 12, 4, 1]",0.99447,0.9997,1.0,0.99444,1.0,0.99721,24,3478,0,0,0
2023-01-11 12:33:51,butterworth0.2,3x3cv20,CNN,100,"[19, 2, 20, 9, 11, 18, 7, 14, 5, 3]","[6, 15, 10, 8, 17, 12, 4, 1, 16, 13]",0.99999,0.99945,1.0,0.98904,1.0,0.99449,120,17396,0,1,0
2023-01-11 13:53:36,butterworth0.2,3x3cv20,CNN,100,"[6, 15, 10, 8, 17, 12, 4, 1, 16, 13]","[19, 2, 20, 9, 11, 18, 7, 14, 5, 3]",0.99883,0.99884,1.0,0.97762,1.0,0.98868,120,17415,0,0,0
2023-01-11 18:52:55,butterworth0.2,3x3cv20,CNN,100,"[20, 9, 11, 18, 7, 14, 5, 3, 6, 15, 10, 8, 17, 12, 4, 1, 16, 13]","[19, 2]",0.99969,0.99592,0.99361,0.92649,0.99968,0.95888,216,31356,2,4,1
2023-01-11 19:12:29,butterworth0.2,3x3cv20,CNN,100,"[11, 18, 7, 14, 5, 3, 6, 15, 10, 8, 17, 12, 4, 1, 16, 13, 19, 2]","[20, 9]",0.9998,0.99248,0.99765,0.85369,0.99989,0.92007,216,31331,3,9,2
2023-01-11 19:32:25,butterworth0.2,3x3cv20,CNN,100,"[7, 14, 5, 3, 6, 15, 10, 8, 17, 12, 4, 1, 16, 13, 19, 2, 20, 9]","[11, 18]",0.99821,0.9874,0.99209,0.75772,0.99968,0.85921,216,31301,11,11,3
2023-01-11 19:52:39,butterworth0.2,3x3cv20,CNN,100,"[5, 3, 6, 15, 10, 8, 17, 12, 4, 1, 16, 13, 19, 2, 20, 9, 11, 18]","[7, 14]",0.99971,0.99711,0.97497,0.96776,0.99867,0.97135,216,31320,17,2,5
2023-01-11 20:11:44,butterworth0.2,3x3cv20,CNN,100,"[6, 15, 10, 8, 17, 12, 4, 1, 16, 13, 19, 2, 20, 9, 11, 18, 7, 14]","[5, 3]",0.99946,0.99597,0.99311,0.92968,0.99964,0.96035,216,31351,5,4,3
2023-01-11 20:31:44,butterworth0.2,3x3cv20,CNN,100,"[10, 8, 17, 12, 4, 1, 16, 13, 19, 2, 20, 9, 11, 18, 7, 14, 5, 3]","[6, 15]",0.9998,0.99715,0.98189,0.96252,0.99903,0.97211,216,31351,4,0,3
2023-01-11 20:51:19,butterworth0.2,3x3cv20,CNN,100,"[17, 12, 4, 1, 16, 13, 19, 2, 20, 9, 11, 18, 7, 14, 5, 3, 6, 15]","[10, 8]",0.99949,0.99523,0.94726,0.95878,0.99717,0.95299,216,31349,55,0,14
2023-01-11 21:11:06,butterworth0.2,3x3cv20,CNN,100,"[4, 1, 16, 13, 19, 2, 20, 9, 11, 18, 7, 14, 5, 3, 6, 15, 10, 8]","[17, 12]",0.99925,0.99557,0.98711,0.92483,0.99935,0.95495,216,31298,16,2,7
2023-01-11 21:31:13,butterworth0.2,3x3cv20,CNN,100,"[16, 13, 19, 2, 20, 9, 11, 18, 7, 14, 5, 3, 6, 15, 10, 8, 17, 12]","[4, 1]",0.99969,0.99589,0.99088,0.92895,0.99953,0.95891,216,31309,3,3,2
2023-01-11 21:51:20,butterworth0.2,3x3cv20,CNN,100,"[19, 2, 20, 9, 11, 18, 7, 14, 5, 3, 6, 15, 10, 8, 17, 12, 4, 1]","[16, 13]",0.99983,0.99772,0.98766,0.96711,0.99935,0.97728,216,31333,16,3,5
